NUM_UC,NUM_UC_ANEEL,SITUACAO_INICIAL,SITUACAO_ATUAL,SITUACAO_UC,LOCAL,CLASSE,GRUPO,TIPO_FASE,ETAPA,DT_ATIVACAO,DT_DISTRATO,MOTIV_DIST,IND_SOLICITAÇAO,FINALIDADE,FABRI_VEIC,MODELO_VEIC,ANO_VEIC,TIPO_VEIC,MOTOR_VEIC,STATUS_VEIC,CAPACIDADE_VEIC,QTE_VEIC,PERCURSO_SEMANAL,FREQ_CARGA_RESIDENCIA,FREQ_CARGA_SEMANAL,FREQ_CARGA_MADRUGADA,LOCAL_RECARGA,ELETROPOSTO_COPEL,STATUS_WALLBOX,MARCA_WALLB,POT_WALLB,STATUS_PORTATIL,MARCA_PORTATIL,POT_PORTATIL,TARIFA_SOCIAL,TARIFA_BRANCA,GD_BENE_INIC,GD_BENE_FIM,TIPO_GD_BENE,DATA_INICIO_GD,DATA_FIM_GD,TIPO_GD_GERA,POSSUI_GD_CLIENTE,DT_SITUACAO_UC,DT_MUD_TIT,MUD_TIT
81649282,343418603176.0,Ativo,Ativo,LG,PINHAIS,B1,1.0,MO,12.0,2026-03-01,,,,Pessoal,WATTS,W125,,Moto,Eletrico,Proprio,Entre 41 e 60 kWh,1.0,90.0,Sempre,de 6 a 7 vezes por semana,Sempre,Residência,N,N,,,S,Watts W160,menor que 4 kW,N,N,,,,,,,N,2009-07-21,,
10039589,237990803133.0,Controle,Controle,LG,MARECHAL CANDIDO RONDON,B1,1.0,TR,9.0,2026-03-01,,,,Pessoal,VOLVO,EX30 Extended Range,,Carro,Eletrico,Proprio,Entre 61 e 80 kWh,1.0,350.0,Sempre,de 4 a 5 vezes por semana,Sempre,Residência;Shopping;Eletroposto,N,S,WEG WALL G2,entre 4 e 8 kW,S,VOLVO MOBILE,menor que 4 kW,N,N,2025-03-01,,,2025-03-01,,GDII,S,2023-12-26,,
114919151,673378403102.0,Ativo,Ativo,LG,SAO JOSE DOS PINHAIS,B1,1.0,TR,4.0,2026-03-01,,,,Pessoal,VOLVO,EX30 Cross Country,2026.0,Carro,Eletrico,Proprio,Entre 61 e 80 kWh,1.0,300.0,Frequentemente,de 2 a 3 vezes por semana,Sempre,Residência;Eletroposto;,S,S,WEG WALL G2,entre 4 e 8 kW,S,VOLVO MOBILE,menor que 4 kW,N,N,,,,,,,N,2025-07-30,,
108042499,611193603116.0,Ativo,Ativo,LG,FOZ DO IGUACU,B1,1.0,TR,6.0,2026-03-01,,,,Pessoal,VOLVO,XC40 P8,,Carro,Eletrico,Proprio,Entre 61 e 80 kWh,2.0,500.0,Sempre,de 2 a 3 vezes por semana,Sempre,Residência;Trabalho;Shopping;Eletroposto;,S,S,WEG WALL G2,entre 4 e 8 kW,S,VOLVO MOBILE,menor que 4 kW,N,N,,,,,,,N,2021-07-15,,
91887801,473956203121.0,Ativo,Ativo,LG,PONTA GROSSA,B1,1.0,BI,16.0,2026-03-01,,,,Pessoal,VOLVO,EX30,,Carro,Eletrico,Proprio,Entre 61 e 80 kWh,1.0,400.0,Frequentemente,de 2 a 3 vezes por semana,Sempre,Residência;,S,S,WEG WALL G2,entre 4 e 8 kW,S,VOLVO MOBILE,menor que 4 kW,N,N,2021-11-01,,,2021-11-01,,GDI,S,2012-12-28,,
103443452,569782503188.0,Reserva,Reserva,LG,SAO JOSE DOS PINHAIS,B1,1.0,TR,13.0,,,,,Pessoal,VOLVO,C40 Ultimate,2023.0,Carro,Eletrico,Proprio,Entre 61 e 80 kWh,2.0,500.0,Sempre,de 2 a 3 vezes por semana,Sempre,Residência;,S,S,WEG WALL G2,entre 4 e 8 kW,S,VOLVO MOBILE,menor que 4 kW,N,N,2025-03-01,,,2023-10-01,,GDII,S,2018-02-26,,
105145530,585103403182.0,Reserva,Reserva,LG,PATO BRANCO,B1,1.0,TR,13.0,,,,,Pessoal,VOLVO,XC40 P8 Ultimate,,Carro,Eletrico,Proprio,Entre 61 e 80 kWh,2.0,250.0,Sempre,de 2 a 3 vezes por semana,Frequentemente,Residência,S,N,,,S,VOLVO MOBILE,menor que 4 kW,N,N,2020-07-01,,,2025-06-01,,GDII,S,2019-04-22,,
92680356,479490903174.0,Ativo,Ativo,LG,TOLEDO,B1,1.0,TR,13.0,2026-03-01,,,,Pessoal,VOLVO,XC40 P8,2022.0,Carro,Eletrico,Proprio,Entre 61 e 80 kWh,1.0,300.0,Frequentemente,de 2 a 3 vezes por semana,Sempre,Residência;Eletroposto,S,S,Enel X Waybox,entre 8 e 12 kW,S,VOLVO MOBILE,menor que 4 kW,N,N,,,,,,,N,2021-08-11,,
95962468,510116403100.0,Ativo,Ativo,LG,PONTA GROSSA,B1,1.0,TR,3.0,2026-03-01,,,,Pessoal,VOLVO,XC40,,Carro,Eletrico,Proprio,Não sei,1.0,30.0,Frequentemente,de 2 a 3 vezes por semana,Sempre,Residência,N,N,,,S,VOLVO MOBILE,menor que 4 kW,N,N,,,,,,,N,2014-07-17,,
108939154,619281503190.0,Ativo,Ativo,LG,FOZ DO IGUACU,B1,1.0,BI,16.0,2026-03-01,,,,Pessoal,VOLVO,EX30,2025.0,Carro,Eletrico,Proprio,Entre 41 e 60 kWh,1.0,300.0,Frequentemente,de 2 a 3 vezes por semana,Frequentemente,Residência,S,S,WEG WALL G2,entre 8 e 12 kW,S,Joog,menor que 4 kW,N,N,,,,,,,N,2026-05-26,,
80232795,383515003121.0,Ativo,Ativo,LG,COLOMBO,B1,1.0,BI,17.0,2026-03-01,,,,Pessoal,VOLVO,EX30 Ultra,,Carro,Eletrico,Proprio,Entre 61 e 80 kWh,1.0,500.0,Sempre,de 6 a 7 vezes por semana,Sempre,Residência,S,S,WEG WALL G2,entre 4 e 8 kW,N,,,N,N,2023-05-01,,,2023-05-01,,GDI,S,2005-02-24,,
105639087,589591903104.0,Ativo,Ativo,LG,SAO JOSE DOS PINHAIS,B1,1.0,TR,10.0,2026-03-01,,,,Pessoal,VOLVO,XC40,2024.0,Carro,Eletrico,Proprio,Entre 61 e 80 kWh,2.0,250.0,Sempre,de 2 a 3 vezes por semana,Sempre,Residência;,N,S,WEG WALL G2,entre 4 e 8 kW,N,,,N,N,2023-04-01,,,2023-04-01,,GDI,S,2019-08-13,,
96507284,513181703148.0,Controle,Controle,LG,PONTA GROSSA,B1,1.0,TR,11.0,2026-03-01,,,,Pessoal,VOLVO,XC60,,Carro,Hibrido,Proprio,Não sei,1.0,350.0,Sempre,de 6 a 7 vezes por semana,Sempre,Residência,N,S,WEG WALL G2,entre 4 e 8 kW,N,,,N,N,2026-08-01,,,,,,N,2023-09-29,,
98761196,533448103163.0,Ativo,Ativo,LG,PONTA GROSSA,B1,1.0,TR,11.0,2026-03-01,,,,Pessoal,VOLVO,XC60,,Carro,Hibrido,Proprio,Entre 21 e 40 kWh,1.0,60.0,Sempre,de 2 a 3 vezes por semana,Sempre,Residência,S,N,,,N,,,N,N,,,,,,,N,2015-10-05,,
103518517,570462903169.0,Ativo,Ativo,LG,PONTA GROSSA,B1,1.0,TR,11.0,2026-03-01,,,,Pessoal,VOLVO,XC40,,Carro,Eletrico,Proprio,Maior que 80 kWh,1.0,100.0,Sempre,1 vez por semana ou menos,Sempre,Residência,N,N,,,N,,,N,N,2023-01-01,,,2023-01-01,,GDI,S,2018-03-20,,
19556870,448137303189.0,Ativo,Ativo,LG,CASCAVEL,B1,1.0,TR,4.0,2026-03-01,,,,Trabalho,RENAULT,Kwid E-Tech,,Carro,Eletrico,Proprio,Entre 21 e 40 kWh,1.0,900.0,Sempre,de 6 a 7 vezes por semana,Sempre,Residência;Eletroposto;supermercado ,S,N,,,S,Renault ,menor que 4 kW,N,N,,,,,,,N,2020-09-11,,
107233975,603882103115.0,Reserva,Reserva,LG,FAZENDA RIO GRANDE,B1,1.0,BI,10.0,,,,,Trabalho,RENAULT,Kwid E-Tech,2023.0,Carro,Eletrico,Proprio,Entre 21 e 40 kWh,1.0,1000.0,Sempre,de 6 a 7 vezes por semana,Frequentemente,Residência,N,N,,,S,Renault,menor que 4 kW,N,N,2024-04-01,,,2024-04-01,,GDII,S,2023-01-17,,
63759578,197649003121.0,Controle,Controle,LG,DOIS VIZINHOS,B1,1.0,BI,16.0,2026-03-01,,,,Trabalho,RENAULT,Kwid E-Tech,2024.0,Carro,Eletrico,Proprio,Não sei,1.0,600.0,Frequentemente,de 6 a 7 vezes por semana,Raramente,Residência,N,N,,,S,Renault,menor que 4 kW,N,N,2026-01-01,,,2025-02-01,,GDII,S,2003-01-28,,
95786406,507915803136.0,Ativo,Ativo,LG,FAZENDA RIO GRANDE,B1,1.0,BI,10.0,2026-03-01,,,,Trabalho,RENAULT,Kwid E-Tech,2025.0,Carro,Eletrico,Proprio,Entre 21 e 40 kWh,2.0,6.0,Sempre,de 6 a 7 vezes por semana,Sempre,Residência,N,N,,,S,IPE,entre 4 e 8 kW,N,N,,,,,,,N,2014-05-29,,
93164742,534425603180.0,Reserva,Reserva,LG,FOZ DO IGUACU,B1,1.0,BI,15.0,,,,,Trabalho,RENAULT,Kwid E-Tech,2023.0,Carro,Eletrico,Proprio,Não sei,1.0,1000.0,Sempre,de 6 a 7 vezes por semana,Sempre,Residência,N,N,,,S,APTIV,menor que 4 kW,N,N,2025-05-01,,,2025-05-01,,GDII,S,2015-11-04,,
96263881,512496903149.0,Ativo,Ativo,LG,CANDOI,B1,1.0,TR,6.0,2026-03-01,,,,Pessoal,RENAULT,Megane E-Tech,2024.0,Carro,Eletrico,Proprio,Entre 41 e 60 kWh,1.0,350.0,Frequentemente,1 vez por semana ou menos,Frequentemente,Residência;Shopping;Eletroposto;,S,S,Evowatt Home,entre 4 e 8 kW,N,,,N,N,,,,,,,N,2025-06-03,,
98830376,463340703195.0,Ativo,Ativo,LG,PONTA GROSSA,B1,1.0,TR,3.0,2026-03-01,,,,Pessoal,RANGE,ROVER Sport 2023 PHEV,,Carro,Hibrido,Proprio,Não sei,2.0,400.0,Sempre,de 4 a 5 vezes por semana,Raramente,Residência;,N,S,Nexo Charger ,entre 4 e 8 kW,N,,,N,N,2026-04-01,,,,,,N,2012-01-27,,
92941192,482450003123.0,Ativo,Ativo,LG,AMPERE,B1,1.0,TR,4.0,2026-03-01,,,,Pessoal,PORSCHE,Cayenne E-Hybrid,,Carro,Hibrido,Proprio,Entre 21 e 40 kWh,1.0,150.0,Sempre,de 4 a 5 vezes por semana,Frequentemente,Residência,S,N,,,S,PORSCHE,entre 8 e 12 kW,N,N,,,,,,,N,2013-01-28,2026-07-20,S
101675062,553213003100.0,Ativo,Ativo,LG,FAZENDA RIO GRANDE,B1,1.0,BI,9.0,2026-03-01,,,,Trabalho,NISSAN,Leaf,2022.0,Carro,Eletrico,Proprio,Entre 21 e 40 kWh,1.0,1300.0,Sempre,de 6 a 7 vezes por semana,Frequentemente,Residência;Eletroposto;Shopping;,S,N,,,S,Nissan,menor que 4 kW,N,N,,,,,,,N,2021-02-17,2025-08-20,
23678593,49735903151.0,Ativo,Ativo,LG,PIRAQUARA,B1,1.0,BI,15.0,2026-03-01,,,,Trabalho,NISSAN,Leaf,2022.0,Carro,Eletrico,Proprio,Entre 21 e 40 kWh,1.0,200.0,Sempre,de 6 a 7 vezes por semana,Sempre,Residência;Eletroposto,S,S,NeoCharge NC7,entre 4 e 8 kW,N,Nissan,menor que 4 kW,N,N,2026-07-01,,,,,,N,2025-12-23,2026-02-16,
102446121,560596303185.0,Ativo,Ativo,LG,CASCAVEL,B1,1.0,TR,9.0,2026-03-01,,,,Pessoal,MITSUBISHI,Outlander,,Carro,Hibrido,Proprio,Menor que 20 kWh,1.0,300.0,Sempre,de 6 a 7 vezes por semana,Frequentemente,Residência,N,N,,,S,Mitsubishi ,menor que 4 kW,N,N,,,,,,,N,2017-07-13,,
6612725,436978003134.0,Ativo,Ativo,LG,PINHAIS,B1,1.0,BI,17.0,2026-03-01,,,,Trabalho,JAC,E-JS1,2023.0,Carro,Eletrico,Proprio,Entre 21 e 40 kWh,1.0,200.0,Sempre,de 6 a 7 vezes por semana,Sempre,Residência;Eletroposto;,N,S,JAC Smart,entre 4 e 8 kW,S,JAC ,menor que 4 kW,N,N,,,,,,,N,2019-12-20,,
10551182,155775503140.0,Ativo,Ativo,LG,PATO BRANCO,B1,1.0,BI,14.0,2026-03-01,,,,Trabalho,JAC,E-JS1,2023.0,Carro,Eletrico,Proprio,Entre 21 e 40 kWh,1.0,500.0,Sempre,de 4 a 5 vezes por semana,Frequentemente,Residência;,N,S,JAC Smart,entre 4 e 8 kW,N,,,N,N,2026-08-01,,,,,,N,2026-04-22,,
112453570,650810503170.0,Controle,Removido,LG,PIRAQUARA,B1,1.0,MO,19.0,2026-03-01,2026-06-04,TROCA DE TITULARIDADE,N,Trabalho,JAC,E-JS1,,Carro,Eletrico,Proprio,Entre 21 e 40 kWh,1.0,1000.0,Sempre,de 6 a 7 vezes por semana,Sempre,Residência;Eletroposto;,S,S,JAC Smart,entre 4 e 8 kW,N,,,N,N,,,,,,,N,2026-06-04,2026-06-04,S
90216806,412449003170.0,Ativo,Ativo,LG,FOZ DO IGUACU,B1,1.0,TR,10.0,2026-03-01,,,,Trabalho,JAC,E-JS1,,Carro,Eletrico,Proprio,Entre 21 e 40 kWh,1.0,900.0,Frequentemente,de 4 a 5 vezes por semana,Raramente,Residência;Eletroposto,N,S,JAC Smart,entre 4 e 8 kW,N,,,N,N,2026-05-01,,,,,,N,2024-10-15,,
93126786,480698303164.0,Ativo,Ativo,LG,SANTA TEREZINHA DE ITAIPU,B1,1.0,TR,13.0,2026-03-01,,,,Pessoal,GWM,Haval H6 GT,,Carro,Hibrido,Proprio,Entre 21 e 40 kWh,1.0,650.0,Sempre,de 4 a 5 vezes por semana,Sempre,Residência,N,N,,,S,GWM,menor que 4 kW,N,N,2023-03-01,,,2023-03-01,,GDI,S,2026-06-30,,
3942430,179202103110.0,Controle,Controle,LG,PONTA GROSSA,B1,1.0,BI,11.0,2026-03-01,,,,Pessoal,GWM,Ora 03 GT,,Carro,Eletrico,Proprio,Entre 61 e 80 kWh,1.0,600.0,Sempre,de 2 a 3 vezes por semana,Frequentemente,Residência,N,N,,,S,GWM,menor que 4 kW,N,N,2024-08-01,,,2024-08-01,,GDII,S,1995-09-06,,
107189828,603488903181.0,Ativo,Ativo,LG,CASCAVEL,B1,1.0,TR,17.0,2026-03-01,,,,Pessoal,GWM,Haval H6 PHEV19,,Carro,Hibrido,Proprio,Entre 21 e 40 kWh,1.0,200.0,Sempre,de 2 a 3 vezes por semana,Frequentemente,Residência;,S,S,WEG WALL G2,entre 4 e 8 kW,S,GWM,menor que 4 kW,N,N,2024-03-01,,,2021-06-01,,GDI,S,2020-09-23,,
109723260,626295703151.0,Ativo,Ativo,LG,COLOMBO,B1,1.0,BI,1.0,2026-03-01,,,,Pessoal,GWM,Haval H6 PHEV19,,Carro,Hibrido,Proprio,Menor que 20 kWh,1.0,300.0,Sempre,de 2 a 3 vezes por semana,Frequentemente,Residência;,N,S,GWM ,entre 4 e 8 kW,S,GWM,menor que 4 kW,N,N,,,,,,,N,2025-05-05,,
88686043,99667403144.0,Controle,Controle,LG,IRATI,B1,1.0,TR,10.0,2026-03-01,,,,Pessoal,GWM,Haval H6,2024.0,Carro,Hibrido,Proprio,Entre 21 e 40 kWh,2.0,500.0,Frequentemente,de 2 a 3 vezes por semana,Frequentemente,Residência,S,S,Feyree EVSE,entre 4 e 8 kW,S,GWM,menor que 4 kW,N,N,2026-04-01,,,2025-08-01,,GDI,S,2012-04-16,,
84131144,137326403134.0,Ativo,Ativo,LG,CASCAVEL,B1,1.0,BI,18.0,2026-03-01,,,,Pessoal,GWM,Haval H6 PHEV19,,Carro,Hibrido,Proprio,Não sei,1.0,500.0,Sempre,de 6 a 7 vezes por semana,Sempre,Residência,N,N,,,S,GWM,menor que 4 kW,N,N,,,,,,,N,1978-04-20,,
10688595,102613603189.0,Ativo,Ativo,LG,PEROLA DOESTE,B1,1.0,BI,18.0,2026-03-01,,,,Pessoal,GWM,Haval H6 GT,,Carro,Hibrido,Proprio,Entre 21 e 40 kWh,1.0,300.0,Sempre,de 6 a 7 vezes por semana,Sempre,Residência;Eletroposto,S,S,ZHIDA ZDA4,entre 4 e 8 kW,N,,,N,N,2019-07-01,,,2019-06-01,,GDI,S,2018-10-03,,
19885679,154856303108.0,Ativo,Ativo,LG,SAO JORGE DOESTE,B1,1.0,TR,3.0,2026-03-01,,,,Pessoal,GWM,Haval,,Carro,Hibrido,Proprio,Entre 21 e 40 kWh,1.0,300.0,Frequentemente,1 vez por semana ou menos,Frequentemente,Residência;Eletroposto;,S,S,WEG WALL G2,entre 4 e 8 kW,N,,,N,N,,,,,,,N,1990-08-17,,
105666653,589840803157.0,Controle,Controle,LG,IRATI,B1,1.0,TR,14.0,2026-03-01,,,,Pessoal,GWM,Ora 03 Skin,,Carro,Eletrico,Proprio,Entre 41 e 60 kWh,1.0,180.0,Sempre,1 vez por semana ou menos,Sempre,Residência,S,S,GWM,entre 4 e 8 kW,N,,,N,N,,,,,,,N,2019-08-28,,
75148536,324102203118.0,Ativo,Ativo,LG,SANTA TEREZINHA DE ITAIPU,B1,1.0,TR,13.0,2026-03-01,,,,Pessoal,GWM,Haval H6,2026.0,Carro,Hibrido,Proprio,Entre 21 e 40 kWh,1.0,250.0,Sempre,de 2 a 3 vezes por semana,Frequentemente,Residência;,N,S,GWM ,entre 4 e 8 kW,N,,,N,N,2020-02-01,,,2020-01-01,,GDI,S,2007-05-11,,
104582030,580059803167.0,Ativo,Ativo,LG,ARAUCARIA,B1,1.0,TR,4.0,2026-03-01,,,,Pessoal,GWM,Ora,,Carro,Eletrico,Proprio,Entre 41 e 60 kWh,1.0,500.0,Sempre,de 2 a 3 vezes por semana,Sempre,Residência,S,S,GWM ,entre 4 e 8 kW,N,,,N,N,2024-09-01,,,2022-11-01,,GDI,S,2018-11-27,,
91375444,455853403110.0,Ativo,Ativo,LG,FOZ DO IGUACU,B1,1.0,TR,5.0,2026-03-01,,,,Trabalho,GWM,Haval H6 GT,,Carro,Hibrido,Proprio,Entre 21 e 40 kWh,1.0,400.0,Sempre,de 2 a 3 vezes por semana,Sempre,Residência;,N,S,GWM,entre 4 e 8 kW,N,,,N,N,2026-05-01,,,2020-09-01,,GDI,S,2014-07-11,,
88811220,72298703198.0,Ativo,Removido,LG,PATO BRANCO,B1,1.0,TR,5.0,2026-03-01,2026-05-12,TROCA DE TITULARIDADE,N,Pessoal,GWM,Haval,,Carro,Hibrido,Proprio,Entre 21 e 40 kWh,1.0,400.0,Sempre,de 2 a 3 vezes por semana,Sempre,Residência;,N,S,GWM,entre 4 e 8 kW,N,,,N,N,2026-06-01,,,2026-06-01,,GDI,S,2021-04-26,2026-05-12,S
98451766,464801903139.0,Ativo,Ativo,LG,FRANCISCO BELTRAO,B1,1.0,TR,11.0,2026-03-01,,,,Pessoal,GWM,Haval H6 Premium PHEV,,Carro,Hibrido,Proprio,Não sei,1.0,120.0,Frequentemente,de 2 a 3 vezes por semana,Sempre,Residência,N,S,GWM,entre 4 e 8 kW,N,,,N,N,,,,,,,N,2024-04-29,,
86535064,161989603193.0,Ativo,Ativo,LG,CASCAVEL,B1,1.0,BI,9.0,2026-03-01,,,,Pessoal,GWM,Ora 03 Skin,2024.0,Carro,Eletrico,Proprio,Entre 41 e 60 kWh,2.0,500.0,Sempre,de 4 a 5 vezes por semana,Frequentemente,Residência,S,S,GWM,entre 4 e 8 kW,N,,,N,N,,,,,,,N,2010-05-17,,
109846869,627398503131.0,Reserva,Reserva,LG,CASCAVEL,B1,1.0,TR,12.0,,,,,Pessoal,GWM,Ora 03,,Carro,Eletrico,Proprio,Entre 61 e 80 kWh,1.0,800.0,Frequentemente,de 2 a 3 vezes por semana,Frequentemente,Residência;Trabalho;Eletroposto;Shopping,S,S,GWM,entre 4 e 8 kW,N,,,N,N,2026-04-01,,,2024-11-01,,GDII,S,2022-04-04,,
106135546,594081303130.0,Reserva,Reserva,LG,NOVA SANTA ROSA,B1,1.0,TR,15.0,,,,,Pessoal,GWM,Ora 03 GT,,Carro,Eletrico,Proprio,Entre 61 e 80 kWh,2.0,200.0,Sempre,de 2 a 3 vezes por semana,Sempre,Residência,S,S,GWM,entre 4 e 8 kW,N,,,N,N,2024-07-01,,,2024-04-01,,GDII,S,2019-12-06,,
94503087,493974703156.0,Controle,Controle,LG,CASCAVEL,B1,1.0,TR,12.0,2026-03-01,,,,Pessoal,CHEVROLET,Bolt,,Carro,Eletrico,Proprio,Entre 61 e 80 kWh,1.0,200.0,Frequentemente,1 vez por semana ou menos,Às vezes,Residência,N,N,,,S,Evowatt Mini,menor que 4 kW,N,N,2025-01-01,,,,,,N,2024-02-19,,
95519190,504656203101.0,Controle,Controle,LG,PINHAIS,B1,1.0,BI,3.0,2026-03-01,,,,Trabalho,CHEVROLET,Bolt,,Carro,Eletrico,Alugado,Entre 61 e 80 kWh,1.0,1200.0,Frequentemente,de 6 a 7 vezes por semana,Sempre,Eletroposto,S,N,,,S,Chevrolet Smart,entre 4 e 8 kW,N,N,,,,,,,N,2026-04-01,,
67788289,108429603144.0,Ativo,Ativo,LG,CASCAVEL,B1,1.0,TR,18.0,2026-03-01,,,,Trabalho,CHEVROLET,Bolt,2023.0,Carro,Eletrico,Proprio,Entre 61 e 80 kWh,1.0,2000.0,Sempre,de 4 a 5 vezes por semana,Sempre,Residência;Trabalho,S,S,Komeco KOEV,entre 4 e 8 kW,N,,,N,N,2023-03-01,,,2023-02-01,,GDI,S,2006-12-11,,
71910719,9994303106.0,Controle,Controle,LG,PONTA GROSSA,B1,1.0,BI,11.0,2026-03-01,,,,Pessoal,CAOA CHERRY,Tiggo 8 Pro PHEV,,Carro,Hibrido,Proprio,Menor que 20 kWh,1.0,300.0,Sempre,de 6 a 7 vezes por semana,Às vezes,Residência;,N,N,,,S,CAOA CHERRY,menor que 4 kW,N,N,2024-05-01,,,2023-05-01,,GDII,S,2015-02-10,,
79792634,238255403100.0,Ativo,Ativo,LG,NOVA SANTA ROSA,B1,1.0,TR,15.0,2026-03-01,,,,Pessoal,CAOA CHERRY,Tiggo 8 Pro PHEV,2024.0,Carro,Hibrido,Proprio,Menor que 20 kWh,1.0,400.0,Frequentemente,de 2 a 3 vezes por semana,Sempre,Residência,S,S,Feyree EVSE,entre 4 e 8 kW,S,CAOA CHERRY,menor que 4 kW,N,N,2026-05-01,,,2022-04-01,,GDI,S,2009-03-05,,
84955007,391846103142.0,Controle,Removido,LG,PATO BRANCO,B1,1.0,BI,15.0,2026-03-01,2026-03-07,UC DESLIGADA,N,Pessoal,CAOA CHERRY,Tiggo 8,2024.0,Carro,Hibrido,Proprio,Não sei,1.0,1000.0,Sempre,de 4 a 5 vezes por semana,Às vezes,Residência,N,N,,,S,CAOA CHERRY,menor que 4 kW,N,N,,,,,,,N,2026-07-10,2026-07-10,S
97400602,522562903109.0,Ativo,Ativo,LG,TOLEDO,B1,1.0,TR,13.0,2026-03-01,,,,Pessoal,CAOA CHERRY,Tiggo 8,,Carro,Hibrido,Proprio,Entre 61 e 80 kWh,1.0,250.0,Sempre,de 2 a 3 vezes por semana,Sempre,Residência,N,N,,,S,CAOA CHERRY,menor que 4 kW,N,N,2022-04-01,,,2022-04-01,,GDI,S,2015-03-05,,
77630769,446951403124.0,Ativo,Ativo,LG,ARAUCARIA,B1,1.0,BI,17.0,2026-03-01,,,,Pessoal,CAOA CHERRY,Tiggo 8 Pro PHEV,,Carro,Hibrido,Proprio,Menor que 20 kWh,1.0,260.0,Sempre,de 4 a 5 vezes por semana,Frequentemente,Residência,N,N,,,N,,,N,N,,,,,,,N,2007-04-04,,
10229426,437021003180.0,Ativo,Ativo,LG,MEDIANEIRA,B1,1.0,TR,13.0,2026-03-01,,,,Pessoal,BYD,Shark,,Carro,Hibrido,Proprio,Entre 21 e 40 kWh,1.0,90.0,Sempre,de 2 a 3 vezes por semana,Sempre,Residência,N,S,BYD,entre 4 e 8 kW,S,TAYSLA PHANTON 3,menor que 4 kW,N,N,2024-12-01,,,2021-11-01,,GDI,S,2014-10-17,,
69672911,439434903183.0,Controle,Controle,LG,ARAUCARIA,B1,1.0,TR,6.0,2026-03-01,,,,Pessoal,BYD,Dolphin GS,,Carro,Eletrico,Proprio,Entre 41 e 60 kWh,1.0,200.0,Frequentemente,de 2 a 3 vezes por semana,Frequentemente,Residência;Eletroposto;Shopping;,S,S,BYD,entre 4 e 8 kW,S,TAYSLA PHANTON 3,menor que 4 kW,N,N,2025-11-01,,,2025-11-01,,GDII,S,2007-03-13,,
101202237,548668003165.0,Ativo,Ativo,LG,PONTA GROSSA,B1,1.0,TR,3.0,2026-03-01,,,,Pessoal,BYD,Dolphin Plus,2024.0,Carro,Eletrico,Proprio,Entre 41 e 60 kWh,1.0,200.0,Sempre,1 vez por semana ou menos,Sempre,Residência;,S,S,ZHIDA ZDA4,entre 4 e 8 kW,S,TAYSLA PHANTON 7,entre 4 e 8 kW,N,N,2025-10-01,,,2025-11-01,,GDI,S,2016-09-19,2025-09-10,
76908623,190446603113.0,Ativo,Ativo,LG,CASCAVEL,B1,1.0,TR,8.0,2026-03-01,,,,Pessoal,BYD,Dolphin Mini,2024.0,Carro,Eletrico,Proprio,Entre 21 e 40 kWh,1.0,250.0,Sempre,de 2 a 3 vezes por semana,Sempre,Residência,S,S,BYD,entre 4 e 8 kW,S,TAYSLA PHANTON 7,entre 4 e 8 kW,N,N,2023-06-01,,,,,,N,2008-07-28,,
83255818,84858303170.0,Ativo,Ativo,LG,ITAIPULANDIA,B1,1.0,BI,8.0,2026-03-01,,,,Trabalho,BYD,Song Plus,2025.0,Carro,Hibrido,Proprio,Menor que 20 kWh,1.0,500.0,Sempre,de 4 a 5 vezes por semana,Sempre,Residência,N,N,,,S,TAYSLA PHANTON 3,menor que 4 kW,N,N,2021-05-01,,,2021-05-01,,GDI,S,2013-03-20,,
18084770,64939603151.0,Controle,Controle,LG,IRATI,B1,1.0,TR,7.0,2026-03-01,,,,Pessoal,BYD,Song Plus,,Carro,Hibrido,Proprio,Não sei,1.0,500.0,Frequentemente,de 2 a 3 vezes por semana,Frequentemente,Residência,N,S,BYD AC,entre 8 e 12 kW,S,TAYSLA PHANTON 3,menor que 4 kW,N,N,2023-01-01,,,2023-01-01,,GDI,S,1968-09-11,,
108430766,614720603103.0,Controle,Controle,LG,PONTA GROSSA,B1,1.0,BI,3.0,2026-03-01,,,,Pessoal,BYD,King,,Carro,Hibrido,Proprio,Menor que 20 kWh,1.0,500.0,Sempre,de 6 a 7 vezes por semana,Sempre,Residência,N,N,,,S,BYD 7,entre 4 e 8 kW,N,N,2026-08-01,,,,,,N,2021-05-14,,
95723340,507727603168.0,Ativo,Ativo,LG,SAO JOSE DOS PINHAIS,B1,1.0,BI,6.0,2026-03-01,,,,Trabalho,BYD,Dolphin,,Carro,Eletrico,Proprio,Entre 21 e 40 kWh,1.0,600.0,Sempre,de 6 a 7 vezes por semana,Sempre,Residência,N,N,,,S,BYD 3,menor que 4 kW,N,N,,,,,,,N,2021-08-26,,
49970836,77651403189.0,Controle,Controle,LG,IMBITUVA,B1,1.0,TR,2.0,2026-03-01,,,,Pessoal,BYD,Han GS,,Carro,Eletrico,Proprio,Entre 61 e 80 kWh,2.0,750.0,Frequentemente,de 2 a 3 vezes por semana,Frequentemente,Residência;,S,S,BYD,entre 4 e 8 kW,S,Neocharge,entre 4 e 8 kW,N,N,2023-10-01,,,,,,N,2012-03-01,,
58978585,44626303183.0,Controle,Controle,LG,CASCAVEL,B1,1.0,TR,18.0,2026-03-01,,,,Pessoal,BYD,Song Pro,,Carro,Hibrido,Proprio,Maior que 80 kWh,2.0,600.0,Sempre,de 6 a 7 vezes por semana,Sempre,Residência;E na minha casa de final de semana também ,N,N,,,S,BYD 3,menor que 4 kW,N,N,2023-05-01,,,2023-05-01,,GDII,S,2005-05-12,,
105654078,589727403157.0,Ativo,Ativo,LG,FAZENDA RIO GRANDE,B1,1.0,BI,18.0,2026-03-01,,,,Trabalho,BYD,Dolphin GS,2025.0,Carro,Eletrico,Proprio,Entre 21 e 40 kWh,1.0,2000.0,Sempre,de 6 a 7 vezes por semana,Sempre,Residência;Eletroposto;,N,N,,,S,Lonlink Q-116,entre 4 e 8 kW,N,N,,,,,,,N,2019-08-19,,
76842762,35892803153.0,Ativo,Ativo,LG,PATO BRANCO,B1,1.0,BI,12.0,2026-03-01,,,,Trabalho,BYD,Dolphin Mini,,Carro,Eletrico,Proprio,Entre 21 e 40 kWh,1.0,1500.0,Sempre,de 6 a 7 vezes por semana,Sempre,Residência;,N,N,,,S,Lity,menor que 4 kW,N,N,,,,,,,N,2022-11-30,,
68646844,292339903148.0,Ativo,Ativo,LG,SAO JOSE DOS PINHAIS,B1,1.0,TR,4.0,2026-03-01,,,,Trabalho,BYD,Dolphin Mini,2024.0,Carro,Eletrico,Proprio,Entre 21 e 40 kWh,1.0,750.0,Sempre,de 6 a 7 vezes por semana,Sempre,Residência;,S,S,BYD GS,entre 12 e 16 kW,S,Lity,menor que 4 kW,N,N,2022-05-01,,,2022-04-01,,GDI,S,2012-07-10,,
81364318,375467803180.0,Ativo,Ativo,LG,PONTA GROSSA,B1,1.0,BI,3.0,2026-03-01,,,,Pessoal,BYD,Song Plus,2024.0,Carro,Hibrido,Proprio,Menor que 20 kWh,2.0,560.0,Sempre,de 6 a 7 vezes por semana,Sempre,Residência;Eletroposto,S,S,BYD,entre 4 e 8 kW,S,JONHON EV MODE 2,menor que 4 kW,N,N,2022-12-01,,,2022-12-01,,GDI,S,2009-06-26,,
112310338,649499303106.0,Reserva,Reserva,LG,FOZ DO IGUACU,B1,1.0,BI,14.0,,,,,Pessoal,BYD,Dolphin Mini,2024.0,Carro,Eletrico,Proprio,Entre 41 e 60 kWh,2.0,500.0,Frequentemente,de 6 a 7 vezes por semana,Sempre,Residência;Shopping,N,N,,,S,Intelbras ,menor que 4 kW,N,N,2025-10-01,,,2025-10-01,,GDII,S,2023-11-30,,
97748633,523838403172.0,Ativo,Ativo,LG,CASCAVEL,B1,1.0,TR,18.0,2026-03-01,,,,Pessoal,BYD,Dolphin Mini,2024.0,Carro,Eletrico,Proprio,Entre 21 e 40 kWh,1.0,120.0,Sempre,de 2 a 3 vezes por semana,Frequentemente,Residência,N,S,BYD EVA007KI/XSTO,entre 4 e 8 kW,S,Greenv,menor que 4 kW,N,N,2023-03-01,,,2021-06-01,,GDI,S,2015-03-31,,
33722420,278895303160.0,Ativo,Ativo,LG,SANTA TEREZINHA DE ITAIPU,B1,1.0,BI,13.0,2026-03-01,,,,Pessoal,BYD,Dolphin Mini,2025.0,Carro,Eletrico,Proprio,Entre 21 e 40 kWh,1.0,400.0,Frequentemente,de 2 a 3 vezes por semana,Frequentemente,Residência;Eletroposto;,S,S,BYD,entre 4 e 8 kW,S,Greenv,menor que 4 kW,N,N,2024-05-01,,,2021-06-01,,GDI,S,2009-12-17,,
92989845,482092703160.0,Ativo,Ativo,LG,COLOMBO,B1,1.0,BI,14.0,2026-03-01,,,,Trabalho,BYD,Dolphin Plus,,Carro,Eletrico,Proprio,Entre 41 e 60 kWh,1.0,1500.0,Sempre,de 4 a 5 vezes por semana,Frequentemente,Residência;,N,N,,,S,Greenv Wallbox,entre 4 e 8 kW,N,N,,,,,,,N,2017-10-12,,
93911335,489398503140.0,Controle,Controle,LG,SANTA TEREZINHA DE ITAIPU,B1,1.0,TR,13.0,2026-03-01,,,,Pessoal,BYD,Yuan Plus,2024.0,Carro,Eletrico,Proprio,Entre 41 e 60 kWh,2.0,280.0,Frequentemente,de 2 a 3 vezes por semana,Frequentemente,Residência;Shopping;Eletroposto;,S,S,BYD,entre 4 e 8 kW,S,Feyree,entre 4 e 8 kW,N,N,2024-09-01,,,2024-11-01,,GDI,S,2016-06-24,,
7111665,445816203144.0,Controle,Controle,LG,SAO JOSE DOS PINHAIS,B1,1.0,BI,8.0,2026-03-01,,,,Trabalho,BYD,Dolphin Plus,2024.0,Carro,Eletrico,Proprio,Entre 41 e 60 kWh,1.0,1400.0,Sempre,de 6 a 7 vezes por semana,Sempre,Residência;,S,N,,,S,Feyree,entre 4 e 8 kW,N,N,2025-10-01,,,2025-10-01,,GDII,S,2016-08-05,,
9359117,377734903100.0,Ativo,Removido,LG,FOZ DO IGUACU,B1,1.0,TR,6.0,2026-03-01,2026-06-01,GDII,N,Trabalho,BYD,Dolphin GS,2025.0,Carro,Eletrico,Proprio,Entre 41 e 60 kWh,1.0,800.0,Frequentemente,de 4 a 5 vezes por semana,Sempre,Residência,S,N,,,S,E-Wolf EW1045,entre 4 e 8 kW,N,N,2026-07-01,,,2026-07-01,,GDII,S,2025-02-21,,
89911369,65051103176.0,Controle,Controle,LG,PONTA GROSSA,B1,1.0,BI,8.0,2026-03-01,,,,Trabalho,BYD,Dolphin Mini,2024.0,Carro,Eletrico,Proprio,Entre 21 e 40 kWh,1.0,200.0,Frequentemente,de 4 a 5 vezes por semana,Frequentemente,Carregador do prédio;Eletroposto;,N,S,BYD,entre 4 e 8 kW,S,BYD 3,menor que 4 kW,N,N,2026-08-01,,,,,,N,2021-10-04,,
11560517,302745103141.0,Ativo,Ativo,LG,TOLEDO,B1,1.0,BI,14.0,2026-03-01,,,,Pessoal,BYD,Song Pro,2025.0,Carro,Hibrido,Proprio,Menor que 20 kWh,1.0,140.0,Sempre,de 4 a 5 vezes por semana,Frequentemente,Residência;,N,N,,,S,BYD 3,menor que 4 kW,N,N,2022-11-01,,,2022-11-01,,GDI,S,2007-07-24,,
96636076,515532103186.0,Ativo,Ativo,LG,CASCAVEL,B1,1.0,BI,10.0,2026-03-01,,,,Pessoal,BYD,King GS,2025.0,Carro,Hibrido,Proprio,Menor que 20 kWh,1.0,300.0,Frequentemente,de 4 a 5 vezes por semana,Sempre,Residência;,N,N,,,S,JONHON EV MODE 2,menor que 4 kW,N,N,2026-01-01,,,2022-11-01,,GDI,S,2014-10-23,,
74211200,199917903168.0,Ativo,Ativo,LG,PINHAIS,B1,1.0,BI,17.0,2026-03-01,,,,Pessoal,BYD,Dolphin Mini,2024.0,Carro,Eletrico,Proprio,Entre 21 e 40 kWh,1.0,480.0,Sempre,de 4 a 5 vezes por semana,Sempre,Residência,N,S,BYD AC WALLBOX,entre 4 e 8 kW,S,JONHON EV MODE 2,menor que 4 kW,N,N,,,,,,,N,2005-08-10,,
67208355,250845503159.0,Ativo,Ativo,LG,CASCAVEL,B1,1.0,TR,8.0,2026-03-01,,,,Pessoal,BYD,Dolphin Mini,,Carro,Eletrico,Proprio,Entre 21 e 40 kWh,2.0,200.0,Sempre,1 vez por semana ou menos,Sempre,Residência,N,S,BYD EVA007KI/XSTO,entre 4 e 8 kW,S,JONHON EV MODE 2,menor que 4 kW,N,N,2018-01-01,,,2016-12-01,,GDI,S,2006-10-18,,
97430617,521508003190.0,Ativo,Ativo,LG,PIRAQUARA,B1,1.0,TR,17.0,2026-03-01,,,,Pessoal,BYD,King GL,,Carro,Hibrido,Proprio,Menor que 20 kWh,1.0,248.0,Frequentemente,de 4 a 5 vezes por semana,Frequentemente,Residência,N,N,,,S,BYD 3,menor que 4 kW,N,N,,,,,,,N,2015-02-23,,
93559232,485200103191.0,Ativo,Ativo,LG,QUITANDINHA,B1,1.0,BI,1.0,2026-03-01,,,,Pessoal,BYD,King GS,,Carro,Hibrido,Proprio,Menor que 20 kWh,1.0,600.0,Sempre,de 6 a 7 vezes por semana,Frequentemente,Residência,S,N,,,S,JONHON EV MODE 2,menor que 4 kW,N,N,,,,,,,N,2020-10-09,,
110962168,637213103168.0,Reserva,Reserva,LG,CONTENDA,B1,1.0,MR,26.0,,,,,Pessoal,BYD,Dolphin GS,2024.0,Carro,Eletrico,Proprio,Entre 41 e 60 kWh,2.0,450.0,Sempre,de 6 a 7 vezes por semana,Sempre,Residência,S,S,BYD,entre 4 e 8 kW,S,BYD 3,menor que 4 kW,N,N,2025-04-01,,,2025-04-01,,GDII,S,2023-10-10,,
104550996,579776903146.0,Ativo,Ativo,LG,SAO JOSE DOS PINHAIS,B1,1.0,BI,14.0,2026-03-01,,,,Pessoal,BYD,Dolphin GS,2025.0,Carro,Eletrico,Proprio,Entre 41 e 60 kWh,1.0,150.0,Frequentemente,1 vez por semana ou menos,Sempre,Residência,N,S,BYD,entre 4 e 8 kW,S,BYD 3,menor que 4 kW,N,N,,,,,,,N,2018-12-03,,
90938267,385744803129.0,Ativo,Ativo,LG,PATO BRANCO,B1,1.0,BI,7.0,2026-03-01,,,,Pessoal,BYD,Song Plus,,Carro,Hibrido,Proprio,Menor que 20 kWh,1.0,250.0,Sempre,de 2 a 3 vezes por semana,Sempre,Residência;,N,S,MF Power,entre 4 e 8 kW,S,BYD 3,menor que 4 kW,N,N,2020-06-01,,,2020-05-01,,GDI,S,2015-06-09,,
82166749,330564903130.0,Controle,Controle,LG,FRANCISCO BELTRAO,B1,1.0,TR,14.0,2026-03-01,,,,Pessoal,BYD,Song Plus Premium,,Carro,Hibrido,Proprio,Entre 21 e 40 kWh,1.0,1000.0,Sempre,de 4 a 5 vezes por semana,Frequentemente,Residência;Trabalho;,N,S,Intelbras EVE,entre 4 e 8 kW,S,BYD 3,menor que 4 kW,N,N,2026-04-01,,,2024-12-01,,GDII,S,2024-04-22,,
111474060,641826603138.0,Reserva,Reserva,LG,PIRAQUARA,B1,1.0,TR,1.0,,,,,Pessoal,BYD,Song Plus,2026.0,Carro,Hibrido,Proprio,Menor que 20 kWh,2.0,500.0,Sempre,de 4 a 5 vezes por semana,Sempre,Residência,N,S,BYD,entre 4 e 8 kW,S,BYD 3,menor que 4 kW,N,N,2025-10-01,,,2025-10-01,,GDII,S,2023-05-04,,
97944858,527180203170.0,Controle,Controle,LG,FRANCISCO BELTRAO,B1,1.0,TR,6.0,2026-03-01,,,,Pessoal,BYD,Song Plus,2025.0,Carro,Hibrido,Proprio,Menor que 20 kWh,1.0,200.0,Sempre,de 2 a 3 vezes por semana,Sempre,Residência;,N,S,BYD,entre 4 e 8 kW,S,BYD 3,menor que 4 kW,N,N,2025-07-01,,,2025-07-01,,GDII,S,2025-03-10,,
4050096,25788503198.0,Ativo,Ativo,LG,PONTA GROSSA,B1,1.0,BI,13.0,2026-03-01,,,,Pessoal,BYD,Dolphin GS,,Carro,Eletrico,Proprio,Entre 41 e 60 kWh,1.0,350.0,Sempre,1 vez por semana ou menos,Sempre,Residência;,N,S,BYD,entre 4 e 8 kW,S,BYD 3,menor que 4 kW,N,N,2019-05-01,,,2019-04-01,,GDI,S,2018-05-04,,
28281209,442666703170.0,Controle,Controle,LG,TEIXEIRA SOARES,B1,1.0,TR,3.0,2026-03-01,,,,Pessoal,BYD,Song,,Carro,Hibrido,Proprio,Menor que 20 kWh,2.0,500.0,Sempre,de 6 a 7 vezes por semana,Frequentemente,Residência;,N,S,BYD,entre 4 e 8 kW,S,BYD 3,menor que 4 kW,N,N,2022-02-01,,,2026-02-01,,GDII,S,1994-02-10,,
94648794,495668103180.0,Ativo,Ativo,LG,COLOMBO,B1,1.0,BI,5.0,2026-03-01,,,,Pessoal,BYD,King GS,2025.0,Carro,Hibrido,Proprio,Menor que 20 kWh,1.0,200.0,Frequentemente,de 2 a 3 vezes por semana,Sempre,Residência,N,S,BYD,entre 4 e 8 kW,S,BYD 3,menor que 4 kW,N,N,,,,,,,N,2019-11-08,,
5902126,4272503160.0,Ativo,Ativo,LG,FAZENDA RIO GRANDE,B1,1.0,BI,2.0,2026-03-01,,,,Pessoal,BYD,Dolphin Mini,2025.0,Carro,Eletrico,Proprio,Entre 21 e 40 kWh,1.0,50.0,Raramente,de 2 a 3 vezes por semana,Sempre,Eletroposto;Residência,S,S,BYD,entre 4 e 8 kW,S,BYD 3,menor que 4 kW,N,N,,,,,,,N,1980-06-21,2026-07-10,S
90366565,224844103197.0,Ativo,Ativo,LG,SAO JOSE DOS PINHAIS,B1,1.0,TR,17.0,2026-03-01,,,,Pessoal,BYD,Seal,2025.0,Carro,Eletrico,Proprio,Maior que 80 kWh,2.0,400.0,Sempre,de 2 a 3 vezes por semana,Frequentemente,Residência;Shopping;,N,S,BYD,entre 4 e 8 kW,S,BYD 3,menor que 4 kW,N,N,,,,,,,N,2011-09-29,,
70099898,425051403108.0,Ativo,Ativo,LG,ARAUCARIA,B1,1.0,BI,3.0,2026-03-01,,,,Pessoal,BYD,Dolphin GS,2024.0,Carro,Eletrico,Proprio,Entre 41 e 60 kWh,2.0,500.0,Sempre,de 2 a 3 vezes por semana,Sempre,Residência;,S,S,BYD,entre 4 e 8 kW,S,BYD 3,menor que 4 kW,N,N,,,,,,,N,2007-04-09,,
103429573,569659303190.0,Ativo,Ativo,LG,ARAUCARIA,B1,1.0,BI,3.0,2026-03-01,,,,Pessoal,BYD,Dolphin,2024.0,Carro,Eletrico,Proprio,Entre 41 e 60 kWh,1.0,300.0,Frequentemente,de 2 a 3 vezes por semana,Frequentemente,Residência;Shopping,N,S,BYD,entre 4 e 8 kW,S,BYD 7,entre 4 e 8 kW,N,N,2023-03-01,,,2023-03-01,,GDI,S,2026-05-04,,
92480950,451440603105.0,Controle,Controle,LG,SANTO ANTONIO DO SUDOESTE,B1,1.0,BI,19.0,2026-03-01,,,,Pessoal,BYD,Yuan Plus,2023.0,Carro,Eletrico,Proprio,Entre 41 e 60 kWh,1.0,200.0,Às vezes,1 vez por semana ou menos,Frequentemente,Residência;,S,S,BYD,entre 4 e 8 kW,S,BYD 3,menor que 4 kW,N,N,,,,,,,N,2025-05-14,,
79387730,19488003113.0,Ativo,Ativo,LG,CASCAVEL,B1,1.0,BI,17.0,2026-03-01,,,,Pessoal,BYD,Dolphin Mini,2024.0,Carro,Eletrico,Proprio,Entre 21 e 40 kWh,1.0,300.0,Sempre,1 vez por semana ou menos,Sempre,Residência,N,S,BYD,entre 4 e 8 kW,S,BYD 7,entre 4 e 8 kW,N,N,2025-07-01,,,2022-06-01,,GDI,S,1995-08-25,,
112895166,654905903150.0,Reserva,Reserva,LG,PONTA GROSSA,B1,1.0,BI,3.0,,,,,Trabalho,BYD,Dolphin Mini,,Carro,Eletrico,Proprio,Entre 21 e 40 kWh,1.0,1200.0,Frequentemente,de 4 a 5 vezes por semana,Sempre,Residência,S,S,BYD,entre 4 e 8 kW,S,BYD 3,menor que 4 kW,N,N,2025-04-01,,,2025-04-01,,GDII,S,2024-04-25,,
99551276,468613903165.0,Reserva,Reserva,LG,PONTA GROSSA,B1,1.0,BI,4.0,,,,,Pessoal,BYD,Dolphin Mini,2025.0,Carro,Eletrico,Proprio,Não sei,1.0,180.0,Sempre,1 vez por semana ou menos,Sempre,Residência;,N,S,BYD,entre 4 e 8 kW,S,BYD 3,menor que 4 kW,N,N,2025-05-01,,,2025-05-01,,GDII,S,2012-05-05,,
106564064,597969703144.0,Controle,Controle,LG,SAO JOSE DOS PINHAIS,B1,1.0,BI,2.0,2026-03-01,,,,Trabalho,BYD,Dolphin,,Carro,Eletrico,Proprio,Entre 41 e 60 kWh,1.0,1500.0,Sempre,de 6 a 7 vezes por semana,Sempre,Residência;,N,S,BYD,entre 4 e 8 kW,S,BYD 7,entre 4 e 8 kW,N,N,2024-04-01,,,,,,N,2021-04-15,,
107977940,610604103159.0,Ativo,Ativo,LG,SAO JOSE DOS PINHAIS,B1,1.0,BI,11.0,2026-03-01,,,,Pessoal,BYD,Dolphin Plus,2025.0,Carro,Eletrico,Alugado,Entre 61 e 80 kWh,1.0,500.0,Sempre,de 2 a 3 vezes por semana,Frequentemente,Residência;Eletroposto;,S,S,BYD,entre 4 e 8 kW,S,BYD 3,menor que 4 kW,N,N,2022-01-01,,,2022-01-01,,GDI,S,2021-01-23,,
57650144,199706203140.0,Ativo,Ativo,LG,PINHAIS,B1,1.0,TR,18.0,2026-03-01,,,,Pessoal,BYD,Seal,,Carro,Eletrico,Proprio,Maior que 80 kWh,2.0,500.0,Sempre,de 2 a 3 vezes por semana,Sempre,Residência;Eletroposto;,S,S,BYD,entre 4 e 8 kW,S,BYD 3,menor que 4 kW,N,N,2022-07-01,,,2022-07-01,,GDI,S,2007-03-07,,
11578912,318308503180.0,Ativo,Ativo,LG,TOLEDO,B1,1.0,BI,12.0,2026-03-01,,,,Pessoal,BYD,Song,,Carro,Hibrido,Proprio,Não sei,2.0,400.0,Sempre,de 2 a 3 vezes por semana,Sempre,Residência;,N,N,,,S,BYD 3,menor que 4 kW,N,N,2026-05-01,,,,,,N,2017-06-16,,
107523027,606486003161.0,Ativo,Ativo,LG,PONTA GROSSA,B1,1.0,TR,11.0,2026-03-01,,,,Pessoal,BYD,Song Plus,,Carro,Hibrido,Proprio,Entre 21 e 40 kWh,2.0,400.0,Sempre,de 4 a 5 vezes por semana,Sempre,Residência,N,N,,,S,BYD 7,entre 4 e 8 kW,N,N,2022-03-01,,,2022-03-01,,GDI,S,2020-12-14,,
41200144,209696603120.0,Ativo,Ativo,LG,CASCAVEL,B1,1.0,TR,15.0,2026-03-01,,,,Pessoal,BYD,Song,,Carro,Hibrido,Proprio,Menor que 20 kWh,1.0,200.0,Sempre,de 6 a 7 vezes por semana,Frequentemente,Residência,N,N,,,S,BYD 3,menor que 4 kW,N,N,,,,,,,N,1999-11-16,,
103143009,567095103186.0,Reserva,Reserva,LG,PINHAIS,B1,1.0,TR,3.0,,,,,Pessoal,BYD,Song Pro,2024.0,Carro,Hibrido,Proprio,Menor que 20 kWh,1.0,450.0,Sempre,de 6 a 7 vezes por semana,Sempre,Residência,N,N,,,S,BYD 3,menor que 4 kW,N,N,2025-11-01,,,2025-11-01,,GDII,S,2017-12-13,,
80609031,9113603109.0,Ativo,Ativo,LG,IMBITUVA,B1,1.0,TR,2.0,2026-03-01,,,,Pessoal,BYD,King GS,2025.0,Carro,Hibrido,Proprio,Menor que 20 kWh,1.0,200.0,Frequentemente,de 2 a 3 vezes por semana,Sempre,Residência;,N,N,,,S,BYD 3,menor que 4 kW,N,N,,,,,,,N,2009-05-08,,
78163650,429941403124.0,Ativo,Ativo,LG,UNIAO DA VITORIA,B1,1.0,BI,9.0,2026-03-01,,,,Pessoal,BYD,Song Pro,,Carro,Hibrido,Proprio,Menor que 20 kWh,1.0,120.0,Frequentemente,de 2 a 3 vezes por semana,Sempre,Residência,N,N,,,S,BYD 3,menor que 4 kW,N,N,,,,,,,N,2024-04-10,,
93877226,490306303103.0,Ativo,Ativo,LG,FAZENDA RIO GRANDE,B1,1.0,BI,11.0,2026-03-01,,,,Pessoal,BYD,Song Plus,2024.0,Carro,Hibrido,Proprio,Entre 21 e 40 kWh,1.0,100.0,Sempre,de 2 a 3 vezes por semana,Sempre,Residência;,S,N,,,S,BYD 7,entre 4 e 8 kW,N,N,,,,,,,N,2017-06-14,,
92156053,475654103190.0,Reserva,Reserva,LG,FOZ DO IGUACU,B1,1.0,BI,3.0,,,,,Trabalho,BYD,Dolphin GS,2024.0,Carro,Eletrico,Proprio,Entre 41 e 60 kWh,2.0,1000.0,Frequentemente,de 6 a 7 vezes por semana,Sempre,Residência;Shopping,S,S,BYD GS,entre 12 e 16 kW,S,ATM 7,entre 4 e 8 kW,N,N,2026-01-01,,,2026-01-01,,GDII,S,2021-01-20,,
96232790,511393203140.0,Controle,Controle,LG,PONTA GROSSA,B1,1.0,BI,11.0,2026-03-01,,,,Pessoal,BYD,Dolphin GS,2023.0,Carro,Eletrico,Proprio,Entre 41 e 60 kWh,1.0,800.0,Sempre,de 6 a 7 vezes por semana,Frequentemente,Residência;Eletroposto;,S,S,ZHIDA ZDA4,entre 4 e 8 kW,N,,,N,N,2025-05-01,,,2025-05-01,,GDII,S,2018-06-28,,
106186256,594542503123.0,Ativo,Ativo,LG,PORTO UNIAO,B1,1.0,BI,3.0,2026-03-01,,,,Trabalho,BYD,Dolphin GS,2023.0,Carro,Eletrico,Proprio,Não sei,1.0,300.0,Sempre,de 6 a 7 vezes por semana,Sempre,Residência,S,S,ZHIDA ZDA4,entre 4 e 8 kW,N,,,N,N,2022-10-01,,,2022-09-01,,GDI,S,2019-12-12,,
102666148,562703703189.0,Reserva,Reserva,LG,FRANCISCO BELTRAO,B1,1.0,BI,15.0,,,,,Trabalho,BYD,Dolphin Mini,2025.0,Carro,Eletrico,Proprio,Entre 21 e 40 kWh,2.0,1000.0,Frequentemente,de 6 a 7 vezes por semana,Frequentemente,Residência,S,S,BYD,entre 4 e 8 kW,N,,,N,N,2022-12-01,,,2022-12-01,,GDI,S,2026-04-22,,
88785122,442694003193.0,Ativo,Ativo,LG,FAZENDA RIO GRANDE,B1,1.0,BI,18.0,2026-03-01,,,,Trabalho,BYD,Dolphin Mini,2025.0,Carro,Eletrico,Proprio,Entre 21 e 40 kWh,1.0,1400.0,Sempre,de 6 a 7 vezes por semana,Frequentemente,Residência,N,S,BYD,entre 4 e 8 kW,N,,,N,N,2022-10-01,,,2022-10-01,,GDI,S,2013-04-26,,
88673987,12932903117.0,Ativo,Ativo,LG,COLOMBO,B1,1.0,BI,6.0,2026-03-01,,,,Pessoal,BYD,Dolphin Mini,2025.0,Carro,Eletrico,Proprio,Entre 21 e 40 kWh,1.0,250.0,Sempre,1 vez por semana ou menos,Frequentemente,Residência;,N,S,BYD,Não sei,N,,,N,N,,,,,,,N,2001-10-10,,
84197773,140460303176.0,Ativo,Ativo,LG,PONTA GROSSA,B1,1.0,BI,2.0,2026-03-01,,,,Trabalho,BYD,Dolphin GS,2024.0,Carro,Eletrico,Proprio,Entre 41 e 60 kWh,1.0,1500.0,Frequentemente,de 6 a 7 vezes por semana,Frequentemente,Residência,N,S,BYD,entre 4 e 8 kW,N,,,N,N,,,,,,,N,2012-11-21,,
95108980,499958603177.0,Reserva,Reserva,LG,FAZENDA RIO GRANDE,B1,1.0,BI,9.0,,,,,Trabalho,BYD,Dolphin GS,2024.0,Carro,Eletrico,Proprio,Entre 41 e 60 kWh,1.0,1.4,Sempre,de 6 a 7 vezes por semana,Sempre,Residência;Eletroposto,S,S,BYD,Não sei,N,,,N,N,2025-12-01,,,2025-12-01,,GDII,S,2023-08-07,,
40501523,137791003129.0,Ativo,Ativo,LG,CASCAVEL,B1,1.0,BI,7.0,2026-03-01,,,,Trabalho,BYD,Dolphin Mini,2024.0,Carro,Eletrico,Proprio,Entre 21 e 40 kWh,1.0,1750.0,Sempre,de 6 a 7 vezes por semana,Sempre,Residência,N,S,BYD,entre 4 e 8 kW,N,,,N,N,,,,,,,N,1999-07-12,,
36262471,272184403129.0,Ativo,Ativo,LG,CASCAVEL,B1,1.0,BI,16.0,2026-03-01,,,,Trabalho,BYD,Dolphin GS,2025.0,Carro,Eletrico,Proprio,Entre 41 e 60 kWh,2.0,1800.0,Sempre,de 6 a 7 vezes por semana,Sempre,Residência;Eletroposto;,S,S,BYD,entre 4 e 8 kW,N,,,N,N,2022-06-01,,,2022-06-01,,GDI,S,2004-06-01,,
89671660,261543903161.0,Reserva,Reserva,LG,CASCAVEL,B1,1.0,BI,1.0,,,,,Trabalho,BYD,Dolphin Mini,,Carro,Eletrico,Proprio,Entre 21 e 40 kWh,1.0,1.4,Sempre,de 6 a 7 vezes por semana,Frequentemente,Residência,S,S,BYD,Não sei,N,,,N,N,2026-02-01,,,2025-05-01,,GDII,S,2024-06-07,,
90860977,189430803186.0,Controle,Controle,LG,PATO BRANCO,B1,1.0,BI,16.0,2026-03-01,,,,Trabalho,BYD,Dolphin Mini,2025.0,Carro,Eletrico,Proprio,Entre 41 e 60 kWh,1.0,1000.0,Sempre,de 6 a 7 vezes por semana,Sempre,Carregador do prédio,N,S,BYD,entre 4 e 8 kW,N,,,N,N,,,,,,,N,2022-07-22,,
73130141,259177903145.0,Ativo,Ativo,LG,PINHAIS,B1,1.0,TR,14.0,2026-03-01,,,,Pessoal,BYD,Dolphin Mini,2025.0,Carro,Eletrico,Proprio,Não sei,1.0,150.0,Sempre,de 6 a 7 vezes por semana,Sempre,Residência,N,S,BYD,entre 4 e 8 kW,N,,,N,N,,,,,,,N,2007-03-22,,
90530055,290586103157.0,Reserva,Reserva,LG,SAO JOSE DOS PINHAIS,B1,1.0,BI,6.0,,,,,Trabalho,BYD,Dolphin,2024.0,Carro,Eletrico,Proprio,Entre 21 e 40 kWh,1.0,600.0,Frequentemente,de 4 a 5 vezes por semana,Frequentemente,Residência,N,S,BYD,entre 4 e 8 kW,N,,,N,N,2025-07-01,,,2025-07-01,,GDII,S,2012-09-18,,
74629565,164362003107.0,Controle,Controle,LG,SANTA TEREZINHA DE ITAIPU,B1,1.0,TR,13.0,2026-03-01,,,,Pessoal,BYD,Dolphin,,Carro,Eletrico,Proprio,Entre 41 e 60 kWh,2.0,600.0,Frequentemente,de 2 a 3 vezes por semana,Nunca,Residência;Eletroposto;,S,S,NeoCharge NC7,entre 4 e 8 kW,N,,,N,N,2024-10-01,,,2024-10-01,,GDI,S,2012-02-28,,
91337860,455497003110.0,Controle,Controle,LG,ARAUCARIA,B1,1.0,BI,5.0,2026-03-01,,,,Pessoal,BYD,Dolphin Plus,,Carro,Eletrico,Proprio,Entre 61 e 80 kWh,1.0,200.0,Frequentemente,1 vez por semana ou menos,Frequentemente,Residência;Eletroposto,S,S,BYD,entre 4 e 8 kW,N,,,N,N,2025-08-01,,,2025-08-01,,GDII,S,2015-08-18,,
94265127,491745503104.0,Ativo,Ativo,LG,PONTA GROSSA,B1,1.0,TR,2.0,2026-03-01,,,,Trabalho,BYD,Song Plus,,Carro,Hibrido,Proprio,Menor que 20 kWh,1.0,500.0,Sempre,de 6 a 7 vezes por semana,Sempre,Residência;,S,S,BYD AC,maior que 16 kW,N,,,N,N,,,,,,,N,2013-07-23,,
4295439,26382703180.0,Controle,Controle,LG,PONTA GROSSA,B1,1.0,BI,12.0,2026-03-01,,,,Trabalho,BYD,Dolphin GS,,Carro,Eletrico,Proprio,Entre 41 e 60 kWh,1.0,800.0,Sempre,de 4 a 5 vezes por semana,Sempre,Residência;Eletroposto,S,S,BYD LUXSHARE,maior que 16 kW,N,,,N,N,,,,,,,N,2020-11-16,,
103445781,569804403135.0,Ativo,Ativo,LG,FRANCISCO BELTRAO,B1,1.0,TR,11.0,2026-03-01,,,,Trabalho,BYD,Dolphin GS,2024.0,Carro,Eletrico,Proprio,Entre 41 e 60 kWh,2.0,1000.0,Sempre,de 6 a 7 vezes por semana,Sempre,Residência;Trabalho;,S,S,GWM ,entre 4 e 8 kW,N,,,N,N,2025-03-01,,,,,,N,2018-02-28,,
48061980,409149903135.0,Ativo,Ativo,LG,TEIXEIRA SOARES,B1,1.0,TR,1.0,2026-03-01,,,,Pessoal,BYD,Dolphin GS,,Carro,Eletrico,Proprio,Entre 41 e 60 kWh,1.0,800.0,Sempre,de 2 a 3 vezes por semana,Frequentemente,Residência;Eletroposto;Shopping,S,S,Evowatt Home,entre 4 e 8 kW,N,,,N,N,2026-03-01,,,2025-11-01,,GDI,S,2018-03-27,2025-10-15,
106318284,595749603171.0,Ativo,Ativo,LG,FOZ DO IGUACU,B1,1.0,BI,19.0,2026-03-01,,,,Pessoal,BYD,Song Pro,,Carro,Hibrido,Proprio,Menor que 20 kWh,1.0,200.0,Frequentemente,de 4 a 5 vezes por semana,Sempre,Residência;Shopping,N,S,Evinka RX,entre 8 e 12 kW,N,,,N,N,,,,,,,N,2022-10-05,2026-06-30,S
103218068,567782303195.0,Ativo,Ativo,LG,PONTA GROSSA,B1,1.0,BI,16.0,2026-03-01,,,,Trabalho,BYD,Dolphin GS,,Carro,Eletrico,Proprio,Entre 41 e 60 kWh,1.0,1000.0,Sempre,de 6 a 7 vezes por semana,Sempre,Residência,N,S,BYD,entre 4 e 8 kW,N,,,N,N,,,,,,,N,2018-01-05,,
47916303,102515503192.0,Ativo,Ativo,LG,CASCAVEL,B1,1.0,BI,18.0,2026-03-01,,,,Trabalho,BYD,Seal GS,,Carro,Eletrico,Proprio,Não sei,1.0,500.0,Frequentemente,de 2 a 3 vezes por semana,Frequentemente,Trabalho,N,S,Eletromar,entre 8 e 12 kW,N,,,N,N,,,,,,,N,2017-06-16,2026-01-12,
98367234,463368403110.0,Controle,Controle,LG,PALMEIRA,B1,1.0,TR,4.0,2026-03-01,,,,Pessoal,BYD,Yuan Plus,,Carro,Eletrico,Proprio,Entre 61 e 80 kWh,1.0,600.0,Sempre,de 4 a 5 vezes por semana,Sempre,Residência;Shopping;Eletroposto;,S,S,Duosida SES 32,entre 4 e 8 kW,N,,,N,N,,,,,,,N,2017-10-06,,
98594931,536503003106.0,Ativo,Ativo,LG,CARAMBEI,B1,1.0,TR,9.0,2026-03-01,,,,Pessoal,BYD,King,,Carro,Hibrido,Proprio,Entre 41 e 60 kWh,1.0,200.0,Frequentemente,de 4 a 5 vezes por semana,Frequentemente,Residência,N,S,BYD,entre 4 e 8 kW,N,,,N,N,,,,,,,N,2019-05-17,,
93791992,487489003159.0,Ativo,Ativo,LG,FAZENDA RIO GRANDE,B1,1.0,BI,8.0,2026-03-01,,,,Pessoal,BYD,Dolphin Mini,2024.0,Carro,Eletrico,Proprio,Entre 21 e 40 kWh,1.0,500.0,Sempre,de 2 a 3 vezes por semana,Frequentemente,Residência,N,S,BYD,entre 4 e 8 kW,N,,,N,N,,,,,,,N,2013-05-03,,
92657524,476445603183.0,Ativo,Ativo,LG,FAZENDA RIO GRANDE,B1,1.0,BI,10.0,2026-03-01,,,,Trabalho,BYD,Dolphin GS,,Carro,Eletrico,Proprio,Entre 41 e 60 kWh,1.0,1000.0,Sempre,de 4 a 5 vezes por semana,Frequentemente,Residência,S,S,BYD,entre 4 e 8 kW,N,,,N,N,2022-07-01,,,2022-07-01,,GDI,S,2015-04-25,,
88170306,435759203170.0,Controle,Controle,LG,FOZ DO IGUACU,B1,1.0,BI,16.0,2026-03-01,,,,Pessoal,BYD,Dolphin GS,2024.0,Carro,Eletrico,Proprio,Entre 41 e 60 kWh,1.0,350.0,Sempre,de 2 a 3 vezes por semana,Sempre,Residência,S,S,ZHIDA ZDA4,entre 4 e 8 kW,N,,,N,N,2025-03-01,,,2025-03-01,,GDI,S,2021-05-29,,
74496751,315325403123.0,Controle,Controle,LG,SAO JOSE DOS PINHAIS,B1,1.0,BI,10.0,2026-03-01,,,,Trabalho,BYD,Dolphin GS,,Carro,Eletrico,Proprio,Entre 41 e 60 kWh,1.0,1500.0,Sempre,de 6 a 7 vezes por semana,Sempre,Residência,S,S,BYD GS,maior que 16 kW,N,,,N,N,2025-08-01,,,2025-08-01,,GDII,S,2012-07-23,,
7128118,419015203138.0,Controle,Controle,LG,SAO JOSE DOS PINHAIS,B1,1.0,TR,8.0,2026-03-01,,,,Trabalho,BYD,Dolphin GS,2026.0,Carro,Eletrico,Proprio,Entre 41 e 60 kWh,1.0,1000.0,Sempre,de 6 a 7 vezes por semana,Sempre,Residência,N,S,BYD,entre 4 e 8 kW,N,,,N,N,,,,,,,N,2026-06-19,2026-06-19,S
73741736,33933303104.0,Ativo,Ativo,LG,SAO JOSE DOS PINHAIS,B1,1.0,TR,9.0,2026-03-01,,,,Pessoal,BYD,Dolphin Mini,2025.0,Carro,Eletrico,Proprio,Entre 21 e 40 kWh,1.0,400.0,Sempre,de 2 a 3 vezes por semana,Sempre,Residência;,S,S,BYD,entre 4 e 8 kW,N,,,N,N,,,,,,,N,2018-10-04,,
90659066,473064603127.0,Controle,Controle,LG,FAZENDA RIO GRANDE,B1,1.0,BI,11.0,2026-03-01,,,,Pessoal,BYD,Yuan Plus,2025.0,Carro,Eletrico,Proprio,Entre 41 e 60 kWh,1.0,300.0,Às vezes,de 2 a 3 vezes por semana,Sempre,Residência;,N,S,BYD,entre 4 e 8 kW,N,,,N,N,2026-08-01,,,,,,N,2012-07-24,2025-08-06,
81750161,366263703141.0,Ativo,Ativo,LG,PONTA GROSSA,B1,1.0,BI,19.0,2026-03-01,,,,Pessoal,BYD,Dolphin GS,2024.0,Carro,Eletrico,Proprio,Entre 41 e 60 kWh,1.0,350.0,Sempre,1 vez por semana ou menos,Frequentemente,Residência;,S,S,BYD,entre 4 e 8 kW,N,,,N,N,2022-04-01,,,2022-03-01,,GDI,S,2014-10-28,,
95051147,501633803102.0,Controle,Controle,LG,SAO JOSE DOS PINHAIS,B1,1.0,TR,9.0,2026-03-01,,,,Pessoal,BYD,Yuan Plus,,Carro,Eletrico,Proprio,Entre 41 e 60 kWh,1.0,450.0,Sempre,de 2 a 3 vezes por semana,Sempre,Residência;Eletroposto,S,S,BYD,entre 4 e 8 kW,N,,,N,N,2023-10-01,,,2023-10-01,,GDII,S,2022-03-03,,
72311673,101701403170.0,Controle,Controle,LG,CASCAVEL,B1,1.0,TR,6.0,2026-03-01,,,,Trabalho,BYD,Dolphin,2024.0,Carro,Eletrico,Proprio,Entre 41 e 60 kWh,1.0,240.0,Às vezes,de 6 a 7 vezes por semana,Sempre,Residência;Eletroposto,S,S,BYD,entre 4 e 8 kW,N,,,N,N,2023-12-01,,,2023-12-01,,GDII,S,2020-11-05,,
82739641,12818603120.0,Ativo,Ativo,LG,TOLEDO,B1,1.0,BI,17.0,2026-03-01,,,,Pessoal,BYD,Dolphin Mini,,Carro,Eletrico,Proprio,Entre 21 e 40 kWh,1.0,300.0,Sempre,1 vez por semana ou menos,Sempre,Residência,N,S,BYD ,entre 4 e 8 kW,N,,,N,N,2022-07-01,,,2022-07-01,,GDI,S,2002-02-01,,
66041813,118756403173.0,Ativo,Ativo,LG,LARANJEIRAS DO SUL,B1,1.0,BI,12.0,2026-03-01,,,,Pessoal,BYD,Song Plus,,Carro,Hibrido,Proprio,Entre 21 e 40 kWh,1.0,250.0,Sempre,de 6 a 7 vezes por semana,Sempre,Residência,S,S,BYD AC,entre 8 e 12 kW,N,,,N,N,,,,,,,N,1980-12-01,,
103085459,566560903148.0,Ativo,Ativo,LG,PATO BRANCO,B1,1.0,TR,16.0,2026-03-01,,,,Pessoal,BYD,Song Plus,,Carro,Hibrido,Proprio,Menor que 20 kWh,1.0,300.0,Frequentemente,de 2 a 3 vezes por semana,Frequentemente,Residência,S,S,BYD,entre 4 e 8 kW,N,,,N,N,2024-03-01,,,,,,N,2017-11-28,,
29684030,397918803110.0,Controle,Controle,LG,PINHAIS,B1,1.0,MO,18.0,2026-03-01,,,,Trabalho,BYD,Dolphin GS,2025.0,Carro,Eletrico,Proprio,Entre 41 e 60 kWh,1.0,1200.0,Sempre,de 6 a 7 vezes por semana,Às vezes,Residência,S,S,BYD AC,entre 8 e 12 kW,N,,,N,N,2026-08-01,,,,,,N,2024-05-07,,
39078655,390524403164.0,Controle,Controle,LG,PINHAIS,B1,1.0,MO,18.0,2026-03-01,,,,Trabalho,BYD,Dolphin GS,2025.0,Carro,Eletrico,Proprio,Entre 41 e 60 kWh,1.0,1200.0,Sempre,de 6 a 7 vezes por semana,Às vezes,Residência,S,S,BYD AC,entre 8 e 12 kW,N,,,N,N,2026-08-01,,,,,,N,2024-08-14,,
77808541,416593403190.0,Controle,Controle,LG,PINHAIS,B1,1.0,TR,14.0,2026-03-01,,,,Pessoal,BYD,Seal,,Carro,Eletrico,Proprio,Maior que 80 kWh,1.0,300.0,Sempre,1 vez por semana ou menos,Frequentemente,Residência,S,S,BYD,entre 4 e 8 kW,N,,,N,N,2025-04-01,,,2025-04-01,,GDII,S,2008-12-09,,
88946185,166432903188.0,Ativo,Ativo,LG,FOZ DO IGUACU,B1,1.0,TR,18.0,2026-03-01,,,,Pessoal,BYD,Dolphin Mini,2025.0,Carro,Eletrico,Proprio,Entre 21 e 40 kWh,1.0,400.0,Frequentemente,de 2 a 3 vezes por semana,Frequentemente,Residência;,S,S,BYD,entre 4 e 8 kW,N,,,N,N,2026-06-01,,,2021-06-01,,GDI,S,2010-12-14,,
104071460,575474703194.0,Reserva,Reserva,LG,FOZ DO IGUACU,B1,1.0,TR,16.0,,,,,Pessoal,BYD,Dolphin,2024.0,Carro,Eletrico,Proprio,Entre 41 e 60 kWh,1.0,300.0,Sempre,1 vez por semana ou menos,Às vezes,Residência;,S,S,BYD,entre 4 e 8 kW,N,,,N,N,2022-11-01,,,2025-10-01,,GDI,S,2018-08-01,,
63985098,40418503107.0,Ativo,Ativo,LG,FOZ DO IGUACU,B1,1.0,BI,6.0,2026-03-01,,,,Pessoal,BYD,Dolphin Mini,2024.0,Carro,Eletrico,Proprio,Entre 21 e 40 kWh,1.0,350.0,Frequentemente,de 2 a 3 vezes por semana,Sempre,Residência;Shopping,S,S,BYD,entre 4 e 8 kW,N,,,N,N,2022-10-01,,,2022-09-01,,GDI,S,2006-03-13,,
86085697,283295003180.0,Ativo,Ativo,LG,SAO JOSE DOS PINHAIS,B1,1.0,TR,17.0,2026-03-01,,,,Trabalho,BYD,Dolphin,,Carro,Eletrico,Proprio,Entre 41 e 60 kWh,1.0,500.0,Às vezes,de 2 a 3 vezes por semana,Sempre,Residência;Eletroposto;Shopping;,S,S,BYD,entre 4 e 8 kW,N,,,N,N,,,,,,,N,2014-11-13,,
92963633,481130103128.0,Controle,Controle,LG,FOZ DO IGUACU,B1,1.0,BI,13.0,2026-03-01,,,,Pessoal,BYD,Dolphin GS,,Carro,Eletrico,Proprio,Entre 41 e 60 kWh,1.0,1000.0,Frequentemente,de 4 a 5 vezes por semana,Frequentemente,Residência,S,S,BYD,entre 4 e 8 kW,N,,,N,N,2024-12-01,,,2024-12-01,,GDII,S,2013-01-10,,
85700070,183793703133.0,Controle,Controle,LG,PATO BRANCO,B1,1.0,BI,8.0,2026-03-01,,,,Pessoal,BYD,Seal,2024.0,Carro,Eletrico,Proprio,Maior que 80 kWh,1.0,450.0,Sempre,1 vez por semana ou menos,Sempre,Residência,S,S,BYD,entre 4 e 8 kW,N,,,N,N,2021-01-01,,,2021-01-01,,GDI,S,2023-05-16,,
106306766,595643803100.0,Ativo,Ativo,LG,PATO BRANCO,B1,1.0,BI,5.0,2026-03-01,,,,Trabalho,BYD,Dolphin Mini,,Carro,Eletrico,Proprio,Não sei,1.0,1000.0,Sempre,de 6 a 7 vezes por semana,Frequentemente,Residência;,S,S,BYD,entre 4 e 8 kW,N,,,N,N,2026-08-01,,,,,,N,2025-08-21,2025-10-01,
104242701,577016403109.0,Ativo,Ativo,LG,PONTA GROSSA,B1,1.0,TR,11.0,2026-03-01,,,,Pessoal,BYD,Dolphin,,Carro,Eletrico,Proprio,Não sei,2.0,400.0,Sempre,de 2 a 3 vezes por semana,Às vezes,Residência,S,S,BYD,entre 4 e 8 kW,N,,,N,N,2020-02-01,,,2020-01-01,,GDI,S,2018-10-03,,
107896214,609865503101.0,Reserva,Reserva,LG,SANTA TEREZINHA DE ITAIPU,B1,1.0,TR,13.0,,,,,Pessoal,BYD,Dolphin Mini,2024.0,Carro,Eletrico,Proprio,Entre 21 e 40 kWh,2.0,350.0,Às vezes,de 2 a 3 vezes por semana,Sempre,Residência;Eletroposto;,N,S,BYD,entre 4 e 8 kW,N,,,N,N,2023-01-01,,,2025-10-01,,GDII,S,2021-01-07,,
89305566,238239003116.0,Controle,Controle,LG,CASCAVEL,B1,1.0,TR,2.0,2026-03-01,,,,Pessoal,BYD,Dolphin Mini,,Carro,Eletrico,Proprio,Entre 21 e 40 kWh,1.0,500.0,Sempre,1 vez por semana ou menos,Sempre,Residência;Trabalho;Shopping;Eletroposto;,S,S,BYD,entre 4 e 8 kW,N,,,N,N,2024-09-01,,,2024-09-01,,GDII,S,2013-12-23,,
111149053,638879203111.0,Reserva,Reserva,LG,ARAUCARIA,B1,1.0,BI,1.0,,,,,Trabalho,BYD,Dolphin Mini,,Carro,Eletrico,Proprio,Entre 21 e 40 kWh,1.0,700.0,Frequentemente,de 4 a 5 vezes por semana,Às vezes,Residência;Eletroposto;,S,S,BYD,entre 4 e 8 kW,N,,,N,N,2026-01-01,,,2025-11-01,,GDII,S,2024-12-26,,
84414278,157206003156.0,Reserva,Reserva,LG,CASCAVEL,B1,1.0,BI,18.0,,,,,Trabalho,BYD,Dolphin Mini,,Carro,Eletrico,Proprio,Entre 21 e 40 kWh,1.0,1400.0,Sempre,de 6 a 7 vezes por semana,Sempre,Residência,S,S,BYD,entre 4 e 8 kW,N,,,N,N,2024-11-01,,,2024-11-01,,GDII,S,2008-07-26,,
110338901,631766103161.0,Reserva,Reserva,LG,PONTA GROSSA,B1,1.0,TR,13.0,,,,,Trabalho,BYD,Dolphin GS,,Carro,Eletrico,Proprio,Entre 41 e 60 kWh,1.0,1200.0,Sempre,de 6 a 7 vezes por semana,Sempre,Residência,S,S,BYD,entre 4 e 8 kW,N,,,N,N,2025-05-01,,,2025-05-01,,GDII,S,2022-08-26,,
49814141,371501103162.0,Controle,Controle,LG,PONTA GROSSA,B1,1.0,BI,18.0,2026-03-01,,,,Pessoal,BYD,Dolphin GS,,Carro,Eletrico,Proprio,Entre 41 e 60 kWh,1.0,250.0,Sempre,de 2 a 3 vezes por semana,Sempre,Residência;,N,S,BYD,entre 4 e 8 kW,N,,,N,N,,,,,,,N,2018-10-11,,
13898132,323895003127.0,Ativo,Ativo,LG,PINHAIS,B1,1.0,TR,10.0,2026-03-01,,,,Pessoal,BYD,Dolphin Mini,2025.0,Carro,Eletrico,Proprio,Entre 21 e 40 kWh,1.0,250.0,Frequentemente,1 vez por semana ou menos,Frequentemente,Residência;,N,S,BYD,entre 4 e 8 kW,N,,,N,N,,,,,,,N,2020-05-28,,
110832639,636109203150.0,Ativo,Ativo,LG,PINHAIS,B1,1.0,TR,3.0,2026-03-01,,,,Pessoal,BYD,Dolphin Plus,2025.0,Carro,Eletrico,Proprio,Entre 41 e 60 kWh,1.0,65.0,Sempre,1 vez por semana ou menos,Frequentemente,Residência,N,S,BYD,entre 4 e 8 kW,N,,,N,N,2023-04-01,,,2023-04-01,,GDI,S,2022-11-25,,
110719255,635118703143.0,Ativo,Ativo,LG,PINHAIS,B1,1.0,BI,3.0,2026-03-01,,,,Pessoal,BYD,Dolphin Mini,,Carro,Eletrico,Proprio,Entre 21 e 40 kWh,1.0,200.0,Sempre,1 vez por semana ou menos,Sempre,Residência;,N,S,BYD,entre 4 e 8 kW,N,,,N,N,,,,,,,N,2022-10-27,,
93121954,480551603100.0,Reserva,Reserva,LG,COLOMBO,B1,1.0,BI,5.0,,,,,Trabalho,BYD,Dolphin plus,,Carro,Eletrico,Proprio,Entre 41 e 60 kWh,1.0,6000.0,Sempre,de 6 a 7 vezes por semana,Sempre,Residência,N,S,BYD,entre 4 e 8 kW,N,,,N,N,2026-03-01,,,2026-03-01,,GDII,S,2024-04-02,2026-01-05,
105493228,588268603139.0,Ativo,Ativo,LG,FAZENDA RIO GRANDE,B1,1.0,BI,1.0,2026-03-01,,,,Trabalho,BYD,Dolphin Mini,,Carro,Eletrico,Proprio,Entre 21 e 40 kWh,1.0,1000.0,Sempre,de 6 a 7 vezes por semana,Sempre,Residência,S,S,BYD,entre 4 e 8 kW,N,,,N,N,,,,,,,N,2025-12-29,,
94000948,490497703162.0,Ativo,Ativo,LG,PONTA GROSSA,B1,1.0,TR,3.0,2026-03-01,,,,Pessoal,BYD,Seal,2025.0,Carro,Eletrico,Proprio,Maior que 80 kWh,1.0,350.0,Frequentemente,de 2 a 3 vezes por semana,Frequentemente,Residência,N,S,BYD,entre 4 e 8 kW,N,,,N,N,2022-01-01,,,2019-03-01,,GDI,S,2015-04-15,,
79328628,176922503108.0,Controle,Controle,LG,CASCAVEL,B1,1.0,BI,18.0,2026-03-01,,,,Pessoal,BYD,Dolphin Mini,2025.0,Carro,Eletrico,Proprio,Entre 21 e 40 kWh,1.0,350.0,Sempre,de 4 a 5 vezes por semana,Sempre,Residência,N,S,BYD,entre 4 e 8 kW,N,,,N,N,2025-01-01,,,2022-04-01,,GDI,S,2015-12-17,,
88120317,67939303148.0,Ativo,Ativo,LG,PONTA GROSSA,B1,1.0,BI,16.0,2026-03-01,,,,Trabalho,BYD,Dolphin Mini,2024.0,Carro,Eletrico,Proprio,Entre 21 e 40 kWh,1.0,1000.0,Frequentemente,de 4 a 5 vezes por semana,Sempre,Residência;,S,S,BYD,entre 4 e 8 kW,N,,,N,N,,,,,,,N,2010-07-28,,
72913746,27415303172.0,Ativo,Ativo,LG,ARAUCARIA,B1,1.0,TR,1.0,2026-03-01,,,,Trabalho,BYD,Dolphin GS,,Carro,Eletrico,Proprio,Entre 41 e 60 kWh,1.0,10.0,Sempre,de 6 a 7 vezes por semana,Sempre,Residência,S,S,BYD,entre 4 e 8 kW,N,,,N,N,,,,,,,N,2023-01-25,,
98349171,464822903167.0,Ativo,Ativo,LG,CASCAVEL,B1,1.0,BI,18.0,2026-03-01,,,,Trabalho,BYD,Dolphin Mini,,Carro,Eletrico,Proprio,Entre 21 e 40 kWh,1.0,1400.0,Sempre,de 6 a 7 vezes por semana,Sempre,Residência;,S,S,BYD,entre 4 e 8 kW,N,,,N,N,,,,,,,N,2026-01-27,,
110995996,637513503113.0,Ativo,Ativo,CR,COLOMBO,B1,1.0,TR,2.0,2026-03-01,,,,Trabalho,BYD,Dolphin Mini,2024.0,Carro,Eletrico,Proprio,Entre 21 e 40 kWh,1.0,1600.0,Sempre,de 6 a 7 vezes por semana,Frequentemente,Residência,N,S,BYD,entre 4 e 8 kW,N,,,N,N,,,,,,,N,2026-07-01,,
21372039,53029003161.0,Controle,Controle,LG,MEDIANEIRA,B1,1.0,BI,1.0,2026-03-01,,,,Trabalho,BYD,Dolphin GS,,Carro,Eletrico,Proprio,Entre 41 e 60 kWh,1.0,2500.0,Sempre,de 6 a 7 vezes por semana,Frequentemente,Residência;Eletroposto;,S,S,BYD,entre 4 e 8 kW,N,,,N,N,2026-04-01,,,2025-10-01,,GDII,S,2016-04-27,,
43879870,205082103176.0,Ativo,Removido,LG,PINHAIS,B1,1.0,BI,2.0,2026-03-01,2026-04-18,TROCA DE TITULARIDADE,N,Trabalho,BYD,Dolphin Mini,,Carro,Eletrico,Proprio,Entre 21 e 40 kWh,1.0,500.0,Frequentemente,de 4 a 5 vezes por semana,Sempre,Residência;,S,S,BYD,entre 4 e 8 kW,N,,,N,N,,,,,,,N,2020-02-20,2026-04-18,S
91737222,459257303198.0,Ativo,Ativo,LG,FOZ DO IGUACU,B1,1.0,TR,19.0,2026-03-01,,,,Trabalho,BYD,Dolphin Mini,2024.0,Carro,Eletrico,Proprio,Entre 21 e 40 kWh,1.0,1100.0,Sempre,de 6 a 7 vezes por semana,Sempre,Residência;,N,S,BYD,entre 4 e 8 kW,N,,,N,N,2020-09-01,,,2020-09-01,,GDI,S,2011-11-08,,
44649444,233154303190.0,Controle,Controle,LG,SAO JOSE DOS PINHAIS,B1,1.0,BI,13.0,2026-03-01,,,,Pessoal,BYD,Dolphin Mini,2024.0,Carro,Eletrico,Proprio,Entre 21 e 40 kWh,1.0,40.0,Sempre,de 2 a 3 vezes por semana,Sempre,Residência;,N,S,BYD,entre 4 e 8 kW,N,,,N,N,2026-08-01,,,,,,N,2011-05-01,,
92035434,474827303170.0,Reserva,Reserva,LG,FAZENDA RIO GRANDE,B1,1.0,BI,3.0,,,,,Trabalho,BYD,Dolphin Mini,2025.0,Carro,Eletrico,Proprio,Entre 21 e 40 kWh,1.0,1200.0,Frequentemente,de 6 a 7 vezes por semana,Sempre,Residência,N,S,BYD,entre 4 e 8 kW,N,,,N,N,2025-12-01,,,2025-12-01,,GDII,S,2012-08-30,,
110701682,634966303134.0,Reserva,Reserva,LG,FOZ DO IGUACU,B1,1.0,TR,1.0,,,,,Pessoal,BYD,Dolphin Mini,2026.0,Carro,Eletrico,Proprio,Entre 21 e 40 kWh,1.0,30.0,Sempre,1 vez por semana ou menos,Às vezes,Residência,N,S,BYD,entre 4 e 8 kW,N,,,N,N,2025-10-01,,,2025-10-01,,GDII,S,2022-10-24,2025-08-11,
109671198,625832903184.0,Reserva,Reserva,LG,PALOTINA,B1,1.0,TR,2.0,,,,,Pessoal,BYD,Dolphin,,Carro,Eletrico,Proprio,Entre 41 e 60 kWh,1.0,500.0,Às vezes,de 2 a 3 vezes por semana,Frequentemente,Residência;,N,S,BYD AC,entre 8 e 12 kW,N,,,N,N,2025-07-01,,,2023-02-01,,GDI,S,2022-02-19,,
92410146,476837303150.0,Controle,Controle,LG,PATO BRANCO,B1,1.0,TR,13.0,2026-03-01,,,,Trabalho,BYD,Dolphin,,Carro,Eletrico,Proprio,Entre 41 e 60 kWh,1.0,1500.0,Sempre,de 4 a 5 vezes por semana,Frequentemente,Residência,N,S,BYD,entre 4 e 8 kW,N,,,N,N,2026-02-01,,,,,,N,2012-10-08,2025-12-05,
86830635,94801603150.0,Controle,Controle,LG,FRANCISCO BELTRAO,B1,1.0,BI,15.0,2026-03-01,,,,Trabalho,BYD,Dolphin Mini,2026.0,Carro,Eletrico,Proprio,Entre 21 e 40 kWh,1.0,2000.0,Sempre,de 6 a 7 vezes por semana,Sempre,Residência,N,S,BYD,entre 4 e 8 kW,N,,,N,N,2026-03-01,,,2024-07-01,,GDII,S,2010-07-29,,
97151050,519738203105.0,Ativo,Ativo,LG,TOLEDO,B1,1.0,BI,14.0,2026-03-01,,,,Pessoal,BYD,Seal,,Carro,Eletrico,Proprio,Maior que 80 kWh,1.0,200.0,Raramente,1 vez por semana ou menos,Frequentemente,Eletroposto;Shopping;Academia e mercado;,S,S,BYD,entre 4 e 8 kW,N,,,N,N,,,,,,,N,2016-04-15,,
110572408,633844003132.0,Ativo,Ativo,LG,SAO JOSE DOS PINHAIS,B1,1.0,BI,14.0,2026-03-01,,,,Trabalho,BYD,Dolphin GS,2026.0,Carro,Eletrico,Proprio,Entre 41 e 60 kWh,1.0,1400.0,Sempre,de 6 a 7 vezes por semana,Sempre,Residência,N,S,BYD,entre 4 e 8 kW,N,,,N,N,,,,,,,N,2022-09-16,,
98012975,527372903122.0,Controle,Controle,LG,FOZ DO IGUACU,B1,1.0,TR,18.0,2026-03-01,,,,Pessoal,BYD,Seal,,Carro,Eletrico,Proprio,Maior que 80 kWh,1.0,300.0,Às vezes,1 vez por semana ou menos,Sempre,Residência;Shopping;,S,S,BYD AC,entre 8 e 12 kW,N,,,N,N,2024-07-01,,,2024-07-01,,GDII,S,2016-09-30,,
8477647,288174203142.0,Ativo,Ativo,LG,CASCAVEL,B1,1.0,BI,10.0,2026-03-01,,,,Trabalho,BYD,Dolphin Mini,2025.0,Carro,Eletrico,Proprio,Entre 21 e 40 kWh,1.0,1.2,Sempre,de 6 a 7 vezes por semana,Frequentemente,Residência;,N,S,BYD,entre 4 e 8 kW,N,,,N,N,,,,,,,N,1984-12-14,2025-10-03,
87210240,404640903147.0,Ativo,Ativo,LG,IRATI,B1,1.0,TR,2.0,2026-03-01,,,,Pessoal,BMW,IX40,,Carro,Eletrico,Proprio,Entre 61 e 80 kWh,2.0,700.0,Às vezes,de 2 a 3 vezes por semana,Sempre,Residência;,S,S,BMW Plus,maior que 16 kW,N,,,N,N,,,,,,,N,2010-08-21,,
107295245,604434603178.0,Reserva,Reserva,LG,CASCAVEL,B1,1.0,TR,9.0,,,,,Pessoal,AUDI,E-Tron Sportback,2022.0,Carro,Eletrico,Proprio,Maior que 80 kWh,2.0,400.0,Sempre,de 4 a 5 vezes por semana,Frequentemente,Residência;,S,S,Audi E-Tron,entre 8 e 12 kW,S,Audi e-tron Compact,entre 4 e 8 kW,N,N,2026-04-01,,,2025-06-01,,GDII,S,2024-07-23,,
4161165,367023203123.0,Reserva,Reserva,LG,PONTA GROSSA,B1,1.0,BI,2.0,,,,,,,,,,,,,,,,,,,,,,,,,,N,N,2019-03-01,,,2019-03-01,,GDI,S,1993-05-21,,
7003455,347175803170.0,Controle,Removido,LG,COLOMBO,B1,1.0,MO,6.0,2026-03-01,2026-03-12,TROCA DE TITULARIDADE,N,,,,,,,,,,,,,,,,,,,,,,N,N,,,,,,,N,2026-02-10,2026-03-12,S
10418148,96193203175.0,Controle,Controle,LG,PALMAS,B1,1.0,TR,1.0,2026-03-01,,,,,,,,,,,,,,,,,,,,,,,,,N,N,,,,,,,N,2021-07-28,,
18576230,300973003124.0,Controle,Controle,LG,SAO MATEUS DO SUL,B1,1.0,TR,10.0,2026-03-01,,,,,,,,,,,,,,,,,,,,,,,,,N,N,,,,,,,N,2019-12-24,,
18849512,48947803176.0,Reserva,Reserva,LG,UNIAO DA VITORIA,B1,1.0,BI,13.0,,,,,,,,,,,,,,,,,,,,,,,,,,N,N,2019-02-01,,,2019-02-01,,GDI,S,1975-10-20,,
24017833,102058903170.0,Reserva,Reserva,LG,FOZ DO IGUACU,B1,1.0,BI,18.0,,,,,,,,,,,,,,,,,,,,,,,,,,N,N,2024-11-01,,,2022-10-01,,GDI,S,2022-08-04,,
26353261,70997503165.0,Controle,Controle,LG,PONTA GROSSA,B1,1.0,TR,11.0,2026-03-01,,,,,,,,,,,,,,,,,,,,,,,,,N,N,,,,,,,N,1993-05-20,,
37542001,232383003125.0,Controle,Controle,LG,CASCAVEL,B1,1.0,BI,19.0,2026-03-01,,,,,,,,,,,,,,,,,,,,,,,,,N,N,,,,,,,N,1998-01-23,,
53832540,271528203133.0,Reserva,Reserva,LG,MEDIANEIRA,B1,1.0,BI,2.0,,,,,,,,,,,,,,,,,,,,,,,,,,N,N,2026-01-01,,,2021-03-01,,GDI,S,2004-04-15,,
54782406,386063903198.0,Controle,Controle,LG,SAO JOSE DOS PINHAIS,B1,1.0,MO,6.0,2026-03-01,,,,,,,,,,,,,,,,,,,,,,,,,N,N,,,,,,,N,2023-04-27,2025-08-07,
67575153,357113603134.0,Controle,Controle,LG,FRANCISCO BELTRAO,B1,1.0,BI,19.0,2026-03-01,,,,,,,,,,,,,,,,,,,,,,,,,N,N,2025-10-01,,,,,,N,2006-10-26,2025-09-03,
68449933,238949103121.0,Controle,Controle,LG,PONTA GROSSA,B1,1.0,TR,11.0,2026-03-01,,,,,,,,,,,,,,,,,,,,,,,,,N,N,,,,,,,N,2006-12-26,,
71460969,17580603164.0,Reserva,Reserva,LG,FAZENDA RIO GRANDE,B1,1.0,BI,2.0,,,,,,,,,,,,,,,,,,,,,,,,,,N,N,2023-01-01,,,2022-12-01,,GDI,S,2026-04-01,,
73661783,163523503121.0,Controle,Controle,LG,FOZ DO IGUACU,B1,1.0,TR,1.0,2026-03-01,,,,,,,,,,,,,,,,,,,,,,,,,N,N,,,,,,,N,2020-04-03,,
78620929,380584503141.0,Controle,Controle,LG,CHOPINZINHO,B1,1.0,TR,8.0,2026-03-01,,,,,,,,,,,,,,,,,,,,,,,,,N,N,2026-08-01,,,,,,N,2022-11-04,,
84569093,63241103115.0,Reserva,Reserva,LG,FAZENDA RIO GRANDE,B1,1.0,BI,17.0,,,,,,,,,,,,,,,,,,,,,,,,,,N,N,2024-10-01,,,2024-10-01,,GDII,S,2019-06-17,,
87093561,35758903182.0,Reserva,Reserva,LG,CASCAVEL,B1,1.0,TR,14.0,,,,,,,,,,,,,,,,,,,,,,,,,,N,N,2025-09-01,,,2025-09-01,,GDII,S,2010-05-25,,
88396371,111850603141.0,Controle,Removido,LG,PINHAIS,B1,1.0,TR,3.0,2026-03-01,2026-04-15,TROCA DE TITULARIDADE,N,,,,,,,,,,,,,,,,,,,,,,N,N,,,,,,,N,2010-11-05,2026-04-15,S
91526370,457282903134.0,Controle,Controle,LG,PINHAIS,B1,1.0,TR,14.0,2026-03-01,,,,,,,,,,,,,,,,,,,,,,,,,N,N,2026-08-01,,,,,,N,2011-09-29,,
92124240,475516703140.0,Reserva,Reserva,LG,FAZENDA RIO GRANDE,B1,1.0,BI,17.0,,,,,,,,,,,,,,,,,,,,,,,,,,N,N,2022-06-01,,,2022-05-01,,GDI,S,2012-10-03,,
92187595,450186103197.0,Controle,Controle,LG,SAO JOSE DOS PINHAIS,B1,1.0,TR,7.0,2026-03-01,,,,,,,,,,,,,,,,,,,,,,,,,N,N,,,,,,,N,2025-07-01,2025-07-01,
94617546,496603403160.0,Controle,Controle,LG,SAO JOAO,B1,1.0,BI,9.0,2026-03-01,,,,,,,,,,,,,,,,,,,,,,,,,N,N,2025-12-01,,,,,,N,2017-07-05,2025-11-20,
96579137,513521103114.0,Reserva,Reserva,LG,UNIAO DA VITORIA,B1,1.0,TR,13.0,,,,,,,,,,,,,,,,,,,,,,,,,,N,N,2020-04-01,,,2020-04-01,,GDI,S,2014-10-08,,
98555413,532536603192.0,Reserva,Reserva,LG,BALSA NOVA,B1,1.0,BI,4.0,,,,,,,,,,,,,,,,,,,,,,,,,,N,N,2025-11-01,,,2025-11-01,,GDII,S,2018-02-06,,
99213451,466794303132.0,Controle,Controle,LG,PONTA GROSSA,B1,1.0,TR,11.0,2026-03-01,,,,,,,,,,,,,,,,,,,,,,,,,N,N,2026-06-01,,,2026-05-01,,GDII,S,2012-03-28,,
99506890,469362203173.0,Reserva,Reserva,LG,PINHAIS,B1,1.0,TR,14.0,,,,,,,,,,,,,,,,,,,,,,,,,,N,N,2025-04-01,,,2025-04-01,,GDII,S,2012-05-16,,
99509725,469489103161.0,Controle,Removido,LG,DOIS VIZINHOS,B1,1.0,BI,7.0,2026-03-01,2026-05-07,TROCA DE TITULARIDADE,N,,,,,,,,,,,,,,,,,,,,,,N,N,,,,,,,N,2026-05-07,2026-05-07,S
100124992,538408103145.0,Controle,Controle,LG,PONTA GROSSA,B1,1.0,TR,11.0,2026-03-01,,,,,,,,,,,,,,,,,,,,,,,,,N,N,,,,,,,N,2016-01-27,,
101341792,550002703109.0,Reserva,Reserva,LG,FOZ DO IGUACU,B1,1.0,TR,1.0,,,,,,,,,,,,,,,,,,,,,,,,,,N,N,2025-06-01,,,2025-06-01,,GDII,S,2017-01-20,,
101474237,551279703166.0,Controle,Controle,LG,PATO BRANCO,B1,1.0,BI,4.0,2026-03-01,,,,,,,,,,,,,,,,,,,,,,,,,N,N,2026-03-01,,,,,,N,2016-11-21,2026-01-13,
102006288,556374903177.0,Reserva,Reserva,LG,PONTA GROSSA,B1,1.0,TR,16.0,,,,,,,,,,,,,,,,,,,,,,,,,,N,N,2026-05-01,,,2024-08-01,,GDII,S,2017-03-24,,
102197784,558218403155.0,Controle,Controle,LG,ARAUCARIA,B1,1.0,BI,13.0,2026-03-01,,,,,,,,,,,,,,,,,,,,,,,,,N,N,,,,,,,N,2025-08-18,,
102270180,558912203125.0,Reserva,Reserva,LG,FOZ DO IGUACU,B1,1.0,TR,18.0,,,,,,,,,,,,,,,,,,,,,,,,,,N,N,2022-02-01,,,2022-02-01,,GDI,S,2018-06-14,,
103764941,572690103127.0,Reserva,Reserva,LG,CASCAVEL,B1,1.0,TR,17.0,,,,,,,,,,,,,,,,,,,,,,,,,,N,N,2019-06-01,,,2019-05-01,,GDI,S,2018-05-15,,
105667226,,Reserva,Reserva,,,,,,,,,,,,,,,,,,,,,,,,,,,,,,,,N,N,,,,,,,,,,
107056143,602302703109.0,Reserva,Reserva,LG,FOZ DO IGUACU,B1,1.0,BI,19.0,,,,,,,,,,,,,,,,,,,,,,,,,,N,N,2021-02-01,,,2021-02-01,,GDI,S,2020-07-21,,
107778963,608811603158.0,Reserva,Reserva,LG,CASCAVEL,B1,1.0,TR,17.0,,,,,,,,,,,,,,,,,,,,,,,,,,N,N,2022-08-01,,,2026-06-01,,GDII,S,2020-12-11,,
108488675,615253003169.0,Reserva,Reserva,LG,PATO BRANCO,B1,1.0,TR,12.0,,,,,,,,,,,,,,,,,,,,,,,,,,N,N,2025-07-01,,,2025-07-01,,GDII,S,2021-05-27,,
109529626,624576903150.0,Reserva,Reserva,LG,PATO BRANCO,B1,1.0,TR,16.0,,,,,,,,,,,,,,,,,,,,,,,,,,N,N,2024-10-01,,,2024-10-01,,GDI,S,2022-01-17,,
110240693,630898903187.0,Reserva,Reserva,LG,CASCAVEL,B1,1.0,TR,17.0,,,,,,,,,,,,,,,,,,,,,,,,,,N,N,2023-08-01,,,2023-07-01,,GDII,S,2022-07-06,,
112138667,647924303198.0,Reserva,Reserva,LG,FOZ DO IGUACU,B1,1.0,TR,11.0,,,,,,,,,,,,,,,,,,,,,,,,,,N,N,2026-02-01,,,2025-12-01,,GDII,S,2023-10-16,,
112309224,649488803103.0,Reserva,Reserva,LG,ARAUCARIA,B1,1.0,BI,10.0,,,,,,,,,,,,,,,,,,,,,,,,,,N,N,2026-03-01,,,2024-01-01,,GDII,S,2023-11-30,,
112868290,654654803150.0,Controle,Controle,LG,PITANGA,B1,1.0,BI,17.0,2026-03-01,,,,,,,,,,,,,,,,,,,,,,,,,N,N,2026-03-01,,,,,,N,2024-04-12,2026-01-08,
113440944,659949303105.0,Controle,Controle,LG,COLOMBO,B1,1.0,BI,13.0,2026-03-01,,,,,,,,,,,,,,,,,,,,,,,,,N,N,2026-03-01,,,2026-03-01,,GDII,S,2024-08-29,,
81764707,49395303190.0,Controle,Controle,LG,CURITIBA,B1,1.0,BI,2.0,2026-03-01,,,,,,,,,,,,,,,,,,,,,,,,,N,N,2024-05-01,,,,,,N,2023-10-19,,
1917455,279237503140.0,Controle,Controle,LG,CURITIBA,B1,1.0,BI,2.0,2026-03-01,,,,,,,,,,,,,,,,,,,,,,,,,N,N,,,,,,,N,2015-06-05,,
79878830,355453103151.0,Controle,Controle,LG,CURITIBA,B1,1.0,BI,2.0,2026-03-01,,,,,,,,,,,,,,,,,,,,,,,,,N,N,,,,,,,N,2019-12-06,,
